<annotation>
	<folder>sunflower</folder>
	<filename>1008566138_6927679c8a.jpg</filename>
	<path>C:\Fastwork\P6\source_image\sunflower\1008566138_6927679c8a.jpg</path>
	<source>
		<database>Unknown</database>
	</source>
	<size>
		<width>500</width>
		<height>330</height>
		<depth>3</depth>
	</size>
	<segmented>0</segmented>
	<object>
		<name>sunflower</name>
		<pose>Unspecified</pose>
		<truncated>0</truncated>
		<difficult>0</difficult>
		<bndbox>
			<xmin>136</xmin>
			<ymin>73</ymin>
			<xmax>433</xmax>
			<ymax>325</ymax>
		</bndbox>
	</object>
</annotation>
