<annotation>
	<folder>tulip</folder>
	<filename>100930342_92e8746431_n.jpg</filename>
	<path>C:\Fastwork\P6\source_image\tulip\100930342_92e8746431_n.jpg</path>
	<source>
		<database>Unknown</database>
	</source>
	<size>
		<width>320</width>
		<height>209</height>
		<depth>3</depth>
	</size>
	<segmented>0</segmented>
	<object>
		<name>tulip</name>
		<pose>Unspecified</pose>
		<truncated>0</truncated>
		<difficult>0</difficult>
		<bndbox>
			<xmin>53</xmin>
			<ymin>11</ymin>
			<xmax>145</xmax>
			<ymax>108</ymax>
		</bndbox>
	</object>
</annotation>
