<annotation>
	<folder>sunflower</folder>
	<filename>1022552036_67d33d5bd8_n.jpg</filename>
	<path>C:\Fastwork\P6\source_image\sunflower\1022552036_67d33d5bd8_n.jpg</path>
	<source>
		<database>Unknown</database>
	</source>
	<size>
		<width>320</width>
		<height>240</height>
		<depth>3</depth>
	</size>
	<segmented>0</segmented>
	<object>
		<name>sunflower</name>
		<pose>Unspecified</pose>
		<truncated>0</truncated>
		<difficult>0</difficult>
		<bndbox>
			<xmin>104</xmin>
			<ymin>52</ymin>
			<xmax>171</xmax>
			<ymax>153</ymax>
		</bndbox>
	</object>
</annotation>
