<annotation>
	<folder>sunflower</folder>
	<filename>1022552002_2b93faf9e7_n.jpg</filename>
	<path>C:\Fastwork\P6\source_image\sunflower\1022552002_2b93faf9e7_n.jpg</path>
	<source>
		<database>Unknown</database>
	</source>
	<size>
		<width>320</width>
		<height>240</height>
		<depth>3</depth>
	</size>
	<segmented>0</segmented>
	<object>
		<name>sunflower</name>
		<pose>Unspecified</pose>
		<truncated>0</truncated>
		<difficult>0</difficult>
		<bndbox>
			<xmin>57</xmin>
			<ymin>14</ymin>
			<xmax>260</xmax>
			<ymax>208</ymax>
		</bndbox>
	</object>
</annotation>
