<annotation>
	<folder>sunflower</folder>
	<filename>1044296388_912143e1d4.jpg</filename>
	<path>C:\Fastwork\P6\source_image\sunflower\1044296388_912143e1d4.jpg</path>
	<source>
		<database>Unknown</database>
	</source>
	<size>
		<width>500</width>
		<height>333</height>
		<depth>3</depth>
	</size>
	<segmented>0</segmented>
	<object>
		<name>sunflower</name>
		<pose>Unspecified</pose>
		<truncated>0</truncated>
		<difficult>0</difficult>
		<bndbox>
			<xmin>161</xmin>
			<ymin>57</ymin>
			<xmax>387</xmax>
			<ymax>274</ymax>
		</bndbox>
	</object>
</annotation>
