<annotation>
	<folder>sunflower</folder>
	<filename>1064662314_c5a7891b9f_m.jpg</filename>
	<path>C:\Fastwork\P6\source_image\sunflower\1064662314_c5a7891b9f_m.jpg</path>
	<source>
		<database>Unknown</database>
	</source>
	<size>
		<width>180</width>
		<height>240</height>
		<depth>3</depth>
	</size>
	<segmented>0</segmented>
	<object>
		<name>sunflower</name>
		<pose>Unspecified</pose>
		<truncated>0</truncated>
		<difficult>0</difficult>
		<bndbox>
			<xmin>105</xmin>
			<ymin>50</ymin>
			<xmax>142</xmax>
			<ymax>82</ymax>
		</bndbox>
	</object>
</annotation>
