<annotation>
	<folder>tulip</folder>
	<filename>10791227_7168491604.jpg</filename>
	<path>C:\Fastwork\P6\source_image\tulip\10791227_7168491604.jpg</path>
	<source>
		<database>Unknown</database>
	</source>
	<size>
		<width>500</width>
		<height>333</height>
		<depth>3</depth>
	</size>
	<segmented>0</segmented>
	<object>
		<name>tulip</name>
		<pose>Unspecified</pose>
		<truncated>0</truncated>
		<difficult>0</difficult>
		<bndbox>
			<xmin>85</xmin>
			<ymin>8</ymin>
			<xmax>430</xmax>
			<ymax>325</ymax>
		</bndbox>
	</object>
</annotation>
