<annotation>
	<folder>tulip</folder>
	<filename>110147301_ad921e2828.jpg</filename>
	<path>C:\Fastwork\P6\source_image\tulip\110147301_ad921e2828.jpg</path>
	<source>
		<database>Unknown</database>
	</source>
	<size>
		<width>500</width>
		<height>375</height>
		<depth>3</depth>
	</size>
	<segmented>0</segmented>
	<object>
		<name>tulip</name>
		<pose>Unspecified</pose>
		<truncated>0</truncated>
		<difficult>0</difficult>
		<bndbox>
			<xmin>48</xmin>
			<ymin>149</ymin>
			<xmax>195</xmax>
			<ymax>223</ymax>
		</bndbox>
	</object>
</annotation>
