<annotation>
	<folder>tulip</folder>
	<filename>112334842_3ecf7585dd.jpg</filename>
	<path>C:\Fastwork\P6\source_image\tulip\112334842_3ecf7585dd.jpg</path>
	<source>
		<database>Unknown</database>
	</source>
	<size>
		<width>500</width>
		<height>375</height>
		<depth>3</depth>
	</size>
	<segmented>0</segmented>
	<object>
		<name>tulip</name>
		<pose>Unspecified</pose>
		<truncated>0</truncated>
		<difficult>0</difficult>
		<bndbox>
			<xmin>43</xmin>
			<ymin>110</ymin>
			<xmax>294</xmax>
			<ymax>363</ymax>
		</bndbox>
	</object>
</annotation>
