<annotation>
	<folder>tulip</folder>
	<filename>112428919_f0c5ad7d9d_n.jpg</filename>
	<path>C:\Fastwork\P6\source_image\tulip\112428919_f0c5ad7d9d_n.jpg</path>
	<source>
		<database>Unknown</database>
	</source>
	<size>
		<width>320</width>
		<height>234</height>
		<depth>3</depth>
	</size>
	<segmented>0</segmented>
	<object>
		<name>tulip</name>
		<pose>Unspecified</pose>
		<truncated>0</truncated>
		<difficult>0</difficult>
		<bndbox>
			<xmin>103</xmin>
			<ymin>65</ymin>
			<xmax>185</xmax>
			<ymax>185</ymax>
		</bndbox>
	</object>
</annotation>
