<annotation>
	<folder>tulip</folder>
	<filename>112650879_82adc2cc04_n.jpg</filename>
	<path>C:\Fastwork\P6\source_image\tulip\112650879_82adc2cc04_n.jpg</path>
	<source>
		<database>Unknown</database>
	</source>
	<size>
		<width>320</width>
		<height>229</height>
		<depth>3</depth>
	</size>
	<segmented>0</segmented>
	<object>
		<name>tulip</name>
		<pose>Unspecified</pose>
		<truncated>0</truncated>
		<difficult>0</difficult>
		<bndbox>
			<xmin>36</xmin>
			<ymin>35</ymin>
			<xmax>131</xmax>
			<ymax>157</ymax>
		</bndbox>
	</object>
</annotation>
