<annotation>
	<folder>tulip</folder>
	<filename>112651128_7b5d39a346_m.jpg</filename>
	<path>C:\Fastwork\P6\source_image\tulip\112651128_7b5d39a346_m.jpg</path>
	<source>
		<database>Unknown</database>
	</source>
	<size>
		<width>240</width>
		<height>180</height>
		<depth>3</depth>
	</size>
	<segmented>0</segmented>
	<object>
		<name>tulip</name>
		<pose>Unspecified</pose>
		<truncated>0</truncated>
		<difficult>0</difficult>
		<bndbox>
			<xmin>113</xmin>
			<ymin>25</ymin>
			<xmax>170</xmax>
			<ymax>103</ymax>
		</bndbox>
	</object>
</annotation>
