<annotation>
	<folder>tulip</folder>
	<filename>112951022_4892b1348b_n.jpg</filename>
	<path>C:\Fastwork\P6\source_image\tulip\112951022_4892b1348b_n.jpg</path>
	<source>
		<database>Unknown</database>
	</source>
	<size>
		<width>320</width>
		<height>233</height>
		<depth>3</depth>
	</size>
	<segmented>0</segmented>
	<object>
		<name>tulip</name>
		<pose>Unspecified</pose>
		<truncated>0</truncated>
		<difficult>0</difficult>
		<bndbox>
			<xmin>50</xmin>
			<ymin>49</ymin>
			<xmax>166</xmax>
			<ymax>165</ymax>
		</bndbox>
	</object>
</annotation>
