<annotation>
	<folder>tulip</folder>
	<filename>112951086_150a59d499_n.jpg</filename>
	<path>C:\Fastwork\P6\source_image\tulip\112951086_150a59d499_n.jpg</path>
	<source>
		<database>Unknown</database>
	</source>
	<size>
		<width>320</width>
		<height>220</height>
		<depth>3</depth>
	</size>
	<segmented>0</segmented>
	<object>
		<name>tulip</name>
		<pose>Unspecified</pose>
		<truncated>0</truncated>
		<difficult>0</difficult>
		<bndbox>
			<xmin>100</xmin>
			<ymin>10</ymin>
			<xmax>204</xmax>
			<ymax>94</ymax>
		</bndbox>
	</object>
</annotation>
