<annotation>
	<folder>tulip</folder>
	<filename>113291410_1bdc718ed8_n.jpg</filename>
	<path>C:\Fastwork\P6\source_image\tulip\113291410_1bdc718ed8_n.jpg</path>
	<source>
		<database>Unknown</database>
	</source>
	<size>
		<width>320</width>
		<height>232</height>
		<depth>3</depth>
	</size>
	<segmented>0</segmented>
	<object>
		<name>tulip</name>
		<pose>Unspecified</pose>
		<truncated>1</truncated>
		<difficult>0</difficult>
		<bndbox>
			<xmin>74</xmin>
			<ymin>1</ymin>
			<xmax>161</xmax>
			<ymax>109</ymax>
		</bndbox>
	</object>
</annotation>
