<annotation>
	<folder>tulip</folder>
	<filename>113902743_8f537f769b_n.jpg</filename>
	<path>C:\Fastwork\P6\source_image\tulip\113902743_8f537f769b_n.jpg</path>
	<source>
		<database>Unknown</database>
	</source>
	<size>
		<width>320</width>
		<height>239</height>
		<depth>3</depth>
	</size>
	<segmented>0</segmented>
	<object>
		<name>tulip</name>
		<pose>Unspecified</pose>
		<truncated>0</truncated>
		<difficult>0</difficult>
		<bndbox>
			<xmin>126</xmin>
			<ymin>21</ymin>
			<xmax>175</xmax>
			<ymax>69</ymax>
		</bndbox>
	</object>
</annotation>
