<annotation>
	<folder>tulip</folder>
	<filename>113960470_38fab8f2fb_m.jpg</filename>
	<path>C:\Fastwork\P6\source_image\tulip\113960470_38fab8f2fb_m.jpg</path>
	<source>
		<database>Unknown</database>
	</source>
	<size>
		<width>170</width>
		<height>240</height>
		<depth>3</depth>
	</size>
	<segmented>0</segmented>
	<object>
		<name>tulip</name>
		<pose>Unspecified</pose>
		<truncated>0</truncated>
		<difficult>0</difficult>
		<bndbox>
			<xmin>35</xmin>
			<ymin>10</ymin>
			<xmax>98</xmax>
			<ymax>66</ymax>
		</bndbox>
	</object>
</annotation>
