<annotation>
	<folder>tulip</folder>
	<filename>116343334_9cb4acdc57_n.jpg</filename>
	<path>C:\Fastwork\P6\source_image\tulip\116343334_9cb4acdc57_n.jpg</path>
	<source>
		<database>Unknown</database>
	</source>
	<size>
		<width>320</width>
		<height>240</height>
		<depth>3</depth>
	</size>
	<segmented>0</segmented>
	<object>
		<name>tulip</name>
		<pose>Unspecified</pose>
		<truncated>0</truncated>
		<difficult>0</difficult>
		<bndbox>
			<xmin>142</xmin>
			<ymin>115</ymin>
			<xmax>229</xmax>
			<ymax>208</ymax>
		</bndbox>
	</object>
</annotation>
