<annotation>
	<folder>tulip</folder>
	<filename>11746080_963537acdc.jpg</filename>
	<path>C:\Fastwork\P6\source_image\tulip\11746080_963537acdc.jpg</path>
	<source>
		<database>Unknown</database>
	</source>
	<size>
		<width>500</width>
		<height>318</height>
		<depth>3</depth>
	</size>
	<segmented>0</segmented>
	<object>
		<name>tulip</name>
		<pose>Unspecified</pose>
		<truncated>0</truncated>
		<difficult>0</difficult>
		<bndbox>
			<xmin>226</xmin>
			<ymin>35</ymin>
			<xmax>321</xmax>
			<ymax>95</ymax>
		</bndbox>
	</object>
</annotation>
