<annotation>
	<folder>tulip</folder>
	<filename>11746367_d23a35b085_n.jpg</filename>
	<path>C:\Fastwork\P6\source_image\tulip\11746367_d23a35b085_n.jpg</path>
	<source>
		<database>Unknown</database>
	</source>
	<size>
		<width>320</width>
		<height>272</height>
		<depth>3</depth>
	</size>
	<segmented>0</segmented>
	<object>
		<name>tulip</name>
		<pose>Unspecified</pose>
		<truncated>0</truncated>
		<difficult>0</difficult>
		<bndbox>
			<xmin>145</xmin>
			<ymin>125</ymin>
			<xmax>192</xmax>
			<ymax>157</ymax>
		</bndbox>
	</object>
</annotation>
