<annotation>
	<folder>tulip</folder>
	<filename>11746548_26b3256922_n.jpg</filename>
	<path>C:\Fastwork\P6\source_image\tulip\11746548_26b3256922_n.jpg</path>
	<source>
		<database>Unknown</database>
	</source>
	<size>
		<width>320</width>
		<height>276</height>
		<depth>3</depth>
	</size>
	<segmented>0</segmented>
	<object>
		<name>tulip</name>
		<pose>Unspecified</pose>
		<truncated>0</truncated>
		<difficult>0</difficult>
		<bndbox>
			<xmin>137</xmin>
			<ymin>113</ymin>
			<xmax>223</xmax>
			<ymax>187</ymax>
		</bndbox>
	</object>
</annotation>
