<annotation>
	<folder>tulip</folder>
	<filename>11746276_de3dec8201.jpg</filename>
	<path>C:\Fastwork\P6\source_image\tulip\11746276_de3dec8201.jpg</path>
	<source>
		<database>Unknown</database>
	</source>
	<size>
		<width>500</width>
		<height>333</height>
		<depth>3</depth>
	</size>
	<segmented>0</segmented>
	<object>
		<name>tulip</name>
		<pose>Unspecified</pose>
		<truncated>0</truncated>
		<difficult>0</difficult>
		<bndbox>
			<xmin>42</xmin>
			<ymin>111</ymin>
			<xmax>161</xmax>
			<ymax>211</ymax>
		</bndbox>
	</object>
</annotation>
