<annotation>
	<folder>tulip</folder>
	<filename>11746452_5bc1749a36.jpg</filename>
	<path>C:\Fastwork\P6\source_image\tulip\11746452_5bc1749a36.jpg</path>
	<source>
		<database>Unknown</database>
	</source>
	<size>
		<width>500</width>
		<height>248</height>
		<depth>3</depth>
	</size>
	<segmented>0</segmented>
	<object>
		<name>tulip</name>
		<pose>Unspecified</pose>
		<truncated>0</truncated>
		<difficult>0</difficult>
		<bndbox>
			<xmin>25</xmin>
			<ymin>149</ymin>
			<xmax>92</xmax>
			<ymax>238</ymax>
		</bndbox>
	</object>
</annotation>
