<annotation>
	<folder>sunflower</folder>
	<filename>1240626292_52cd5d7fb1_m.jpg</filename>
	<path>C:\Fastwork\P6\source_image\sunflower\1240626292_52cd5d7fb1_m.jpg</path>
	<source>
		<database>Unknown</database>
	</source>
	<size>
		<width>159</width>
		<height>240</height>
		<depth>3</depth>
	</size>
	<segmented>0</segmented>
	<object>
		<name>sunflower</name>
		<pose>Unspecified</pose>
		<truncated>0</truncated>
		<difficult>0</difficult>
		<bndbox>
			<xmin>66</xmin>
			<ymin>29</ymin>
			<xmax>86</xmax>
			<ymax>53</ymax>
		</bndbox>
	</object>
</annotation>
