<annotation>
	<folder>sunflower</folder>
	<filename>1240625276_fb3bd0c7b1.jpg</filename>
	<path>C:\Fastwork\P6\source_image\sunflower\1240625276_fb3bd0c7b1.jpg</path>
	<source>
		<database>Unknown</database>
	</source>
	<size>
		<width>500</width>
		<height>332</height>
		<depth>3</depth>
	</size>
	<segmented>0</segmented>
	<object>
		<name>sunflower</name>
		<pose>Unspecified</pose>
		<truncated>0</truncated>
		<difficult>0</difficult>
		<bndbox>
			<xmin>131</xmin>
			<ymin>43</ymin>
			<xmax>351</xmax>
			<ymax>270</ymax>
		</bndbox>
	</object>
</annotation>
