<annotation>
	<folder>sunflower</folder>
	<filename>1244774242_25a20d99a9.jpg</filename>
	<path>C:\Fastwork\P6\source_image\sunflower\1244774242_25a20d99a9.jpg</path>
	<source>
		<database>Unknown</database>
	</source>
	<size>
		<width>500</width>
		<height>375</height>
		<depth>3</depth>
	</size>
	<segmented>0</segmented>
	<object>
		<name>sunflower</name>
		<pose>Unspecified</pose>
		<truncated>0</truncated>
		<difficult>0</difficult>
		<bndbox>
			<xmin>187</xmin>
			<ymin>62</ymin>
			<xmax>309</xmax>
			<ymax>268</ymax>
		</bndbox>
	</object>
</annotation>
