<annotation>
	<folder>sunflower</folder>
	<filename>1267876087_a1b3c63dc9.jpg</filename>
	<path>C:\Fastwork\P6\source_image\sunflower\1267876087_a1b3c63dc9.jpg</path>
	<source>
		<database>Unknown</database>
	</source>
	<size>
		<width>500</width>
		<height>375</height>
		<depth>3</depth>
	</size>
	<segmented>0</segmented>
	<object>
		<name>sunflower</name>
		<pose>Unspecified</pose>
		<truncated>0</truncated>
		<difficult>0</difficult>
		<bndbox>
			<xmin>160</xmin>
			<ymin>243</ymin>
			<xmax>237</xmax>
			<ymax>333</ymax>
		</bndbox>
	</object>
</annotation>
