<annotation>
	<folder>sunflower</folder>
	<filename>127192624_afa3d9cb84.jpg</filename>
	<path>C:\Fastwork\P6\source_image\sunflower\127192624_afa3d9cb84.jpg</path>
	<source>
		<database>Unknown</database>
	</source>
	<size>
		<width>500</width>
		<height>330</height>
		<depth>3</depth>
	</size>
	<segmented>0</segmented>
	<object>
		<name>sunflower</name>
		<pose>Unspecified</pose>
		<truncated>0</truncated>
		<difficult>0</difficult>
		<bndbox>
			<xmin>73</xmin>
			<ymin>102</ymin>
			<xmax>215</xmax>
			<ymax>136</ymax>
		</bndbox>
	</object>
</annotation>
