<annotation>
	<folder>sunflower</folder>
	<filename>1297092593_e573c0a3d6.jpg</filename>
	<path>C:\Fastwork\P6\source_image\sunflower\1297092593_e573c0a3d6.jpg</path>
	<source>
		<database>Unknown</database>
	</source>
	<size>
		<width>500</width>
		<height>335</height>
		<depth>3</depth>
	</size>
	<segmented>0</segmented>
	<object>
		<name>sunflower</name>
		<pose>Unspecified</pose>
		<truncated>0</truncated>
		<difficult>0</difficult>
		<bndbox>
			<xmin>187</xmin>
			<ymin>55</ymin>
			<xmax>380</xmax>
			<ymax>169</ymax>
		</bndbox>
	</object>
</annotation>
