<annotation>
	<folder>tulip</folder>
	<filename>130685040_3c2fcec63e_n.jpg</filename>
	<path>C:\Fastwork\P6\source_image\tulip\130685040_3c2fcec63e_n.jpg</path>
	<source>
		<database>Unknown</database>
	</source>
	<size>
		<width>320</width>
		<height>240</height>
		<depth>3</depth>
	</size>
	<segmented>0</segmented>
	<object>
		<name>tulip</name>
		<pose>Unspecified</pose>
		<truncated>0</truncated>
		<difficult>0</difficult>
		<bndbox>
			<xmin>31</xmin>
			<ymin>102</ymin>
			<xmax>92</xmax>
			<ymax>195</ymax>
		</bndbox>
	</object>
</annotation>
