<annotation>
	<folder>sunflower</folder>
	<filename>1314584013_fe935fdeb1_n.jpg</filename>
	<path>C:\Fastwork\P6\source_image\sunflower\1314584013_fe935fdeb1_n.jpg</path>
	<source>
		<database>Unknown</database>
	</source>
	<size>
		<width>320</width>
		<height>229</height>
		<depth>3</depth>
	</size>
	<segmented>0</segmented>
	<object>
		<name>sunflower</name>
		<pose>Unspecified</pose>
		<truncated>0</truncated>
		<difficult>0</difficult>
		<bndbox>
			<xmin>92</xmin>
			<ymin>6</ymin>
			<xmax>299</xmax>
			<ymax>214</ymax>
		</bndbox>
	</object>
</annotation>
