<annotation>
	<folder>tulip</folder>
	<filename>132538272_63658146d9_n.jpg</filename>
	<path>C:\Fastwork\P6\source_image\tulip\132538272_63658146d9_n.jpg</path>
	<source>
		<database>Unknown</database>
	</source>
	<size>
		<width>320</width>
		<height>241</height>
		<depth>3</depth>
	</size>
	<segmented>0</segmented>
	<object>
		<name>tulip</name>
		<pose>Unspecified</pose>
		<truncated>0</truncated>
		<difficult>0</difficult>
		<bndbox>
			<xmin>7</xmin>
			<ymin>72</ymin>
			<xmax>176</xmax>
			<ymax>201</ymax>
		</bndbox>
	</object>
</annotation>
