<annotation>
	<folder>tulip</folder>
	<filename>133858239_3eaa8a91fd_n.jpg</filename>
	<path>C:\Fastwork\P6\source_image\tulip\133858239_3eaa8a91fd_n.jpg</path>
	<source>
		<database>Unknown</database>
	</source>
	<size>
		<width>320</width>
		<height>240</height>
		<depth>3</depth>
	</size>
	<segmented>0</segmented>
	<object>
		<name>tulip</name>
		<pose>Unspecified</pose>
		<truncated>0</truncated>
		<difficult>0</difficult>
		<bndbox>
			<xmin>49</xmin>
			<ymin>51</ymin>
			<xmax>154</xmax>
			<ymax>172</ymax>
		</bndbox>
	</object>
</annotation>
