<annotation>
	<folder>tulip</folder>
	<filename>134143359_71fa8dd9a4.jpg</filename>
	<path>C:\Fastwork\P6\source_image\tulip\134143359_71fa8dd9a4.jpg</path>
	<source>
		<database>Unknown</database>
	</source>
	<size>
		<width>500</width>
		<height>375</height>
		<depth>3</depth>
	</size>
	<segmented>0</segmented>
	<object>
		<name>tulip</name>
		<pose>Unspecified</pose>
		<truncated>0</truncated>
		<difficult>0</difficult>
		<bndbox>
			<xmin>191</xmin>
			<ymin>97</ymin>
			<xmax>317</xmax>
			<ymax>256</ymax>
		</bndbox>
	</object>
</annotation>
