<annotation>
	<folder>tulip</folder>
	<filename>1353748522_b9c630b162.jpg</filename>
	<path>C:\Fastwork\P6\source_image\tulip\1353748522_b9c630b162.jpg</path>
	<source>
		<database>Unknown</database>
	</source>
	<size>
		<width>500</width>
		<height>333</height>
		<depth>3</depth>
	</size>
	<segmented>0</segmented>
	<object>
		<name>tulip</name>
		<pose>Unspecified</pose>
		<truncated>0</truncated>
		<difficult>0</difficult>
		<bndbox>
			<xmin>198</xmin>
			<ymin>147</ymin>
			<xmax>378</xmax>
			<ymax>270</ymax>
		</bndbox>
	</object>
</annotation>
