<annotation>
	<folder>tulip</folder>
	<filename>135994133_4f306fe4bf_n.jpg</filename>
	<path>C:\Fastwork\P6\source_image\tulip\135994133_4f306fe4bf_n.jpg</path>
	<source>
		<database>Unknown</database>
	</source>
	<size>
		<width>320</width>
		<height>218</height>
		<depth>3</depth>
	</size>
	<segmented>0</segmented>
	<object>
		<name>tulip</name>
		<pose>Unspecified</pose>
		<truncated>0</truncated>
		<difficult>0</difficult>
		<bndbox>
			<xmin>84</xmin>
			<ymin>65</ymin>
			<xmax>174</xmax>
			<ymax>140</ymax>
		</bndbox>
	</object>
</annotation>
