<annotation>
	<folder>tulip</folder>
	<filename>137126311_debe64c6a8_n.jpg</filename>
	<path>C:\Fastwork\P6\source_image\tulip\137126311_debe64c6a8_n.jpg</path>
	<source>
		<database>Unknown</database>
	</source>
	<size>
		<width>320</width>
		<height>213</height>
		<depth>3</depth>
	</size>
	<segmented>0</segmented>
	<object>
		<name>tulip</name>
		<pose>Unspecified</pose>
		<truncated>0</truncated>
		<difficult>0</difficult>
		<bndbox>
			<xmin>65</xmin>
			<ymin>31</ymin>
			<xmax>245</xmax>
			<ymax>192</ymax>
		</bndbox>
	</object>
</annotation>
