<annotation>
	<folder>sunflower</folder>
	<filename>1379256773_bb2eb0d95b_n.jpg</filename>
	<path>C:\Fastwork\P6\source_image\sunflower\1379256773_bb2eb0d95b_n.jpg</path>
	<source>
		<database>Unknown</database>
	</source>
	<size>
		<width>320</width>
		<height>240</height>
		<depth>3</depth>
	</size>
	<segmented>0</segmented>
	<object>
		<name>sunflower</name>
		<pose>Unspecified</pose>
		<truncated>1</truncated>
		<difficult>0</difficult>
		<bndbox>
			<xmin>1</xmin>
			<ymin>35</ymin>
			<xmax>238</xmax>
			<ymax>211</ymax>
		</bndbox>
	</object>
</annotation>
