<annotation>
	<folder>sunflower</folder>
	<filename>1419608016_707b887337_n.jpg</filename>
	<path>C:\Fastwork\P6\source_image\sunflower\1419608016_707b887337_n.jpg</path>
	<source>
		<database>Unknown</database>
	</source>
	<size>
		<width>320</width>
		<height>225</height>
		<depth>3</depth>
	</size>
	<segmented>0</segmented>
	<object>
		<name>sunflower</name>
		<pose>Unspecified</pose>
		<truncated>1</truncated>
		<difficult>0</difficult>
		<bndbox>
			<xmin>5</xmin>
			<ymin>1</ymin>
			<xmax>318</xmax>
			<ymax>225</ymax>
		</bndbox>
	</object>
</annotation>
