<annotation>
	<folder>tulip</folder>
	<filename>142235237_da662d925c.jpg</filename>
	<path>C:\Fastwork\P6\source_image\tulip\142235237_da662d925c.jpg</path>
	<source>
		<database>Unknown</database>
	</source>
	<size>
		<width>500</width>
		<height>375</height>
		<depth>3</depth>
	</size>
	<segmented>0</segmented>
	<object>
		<name>tulip</name>
		<pose>Unspecified</pose>
		<truncated>0</truncated>
		<difficult>0</difficult>
		<bndbox>
			<xmin>35</xmin>
			<ymin>111</ymin>
			<xmax>228</xmax>
			<ymax>347</ymax>
		</bndbox>
	</object>
</annotation>
