<annotation>
	<folder>tulip</folder>
	<filename>142235914_5419ff8a4a.jpg</filename>
	<path>C:\Fastwork\P6\source_image\tulip\142235914_5419ff8a4a.jpg</path>
	<source>
		<database>Unknown</database>
	</source>
	<size>
		<width>500</width>
		<height>375</height>
		<depth>3</depth>
	</size>
	<segmented>0</segmented>
	<object>
		<name>tulip</name>
		<pose>Unspecified</pose>
		<truncated>0</truncated>
		<difficult>0</difficult>
		<bndbox>
			<xmin>249</xmin>
			<ymin>69</ymin>
			<xmax>321</xmax>
			<ymax>105</ymax>
		</bndbox>
	</object>
</annotation>
