<annotation>
	<folder>tulip</folder>
	<filename>142218310_d06005030a_n.jpg</filename>
	<path>C:\Fastwork\P6\source_image\tulip\142218310_d06005030a_n.jpg</path>
	<source>
		<database>Unknown</database>
	</source>
	<size>
		<width>320</width>
		<height>228</height>
		<depth>3</depth>
	</size>
	<segmented>0</segmented>
	<object>
		<name>tulip</name>
		<pose>Unspecified</pose>
		<truncated>0</truncated>
		<difficult>0</difficult>
		<bndbox>
			<xmin>19</xmin>
			<ymin>73</ymin>
			<xmax>197</xmax>
			<ymax>221</ymax>
		</bndbox>
	</object>
</annotation>
