<annotation>
	<folder>tulip</folder>
	<filename>146884869_b1a8fa9c4e_n.jpg</filename>
	<path>C:\Fastwork\P6\source_image\tulip\146884869_b1a8fa9c4e_n.jpg</path>
	<source>
		<database>Unknown</database>
	</source>
	<size>
		<width>320</width>
		<height>240</height>
		<depth>3</depth>
	</size>
	<segmented>0</segmented>
	<object>
		<name>tulip</name>
		<pose>Unspecified</pose>
		<truncated>0</truncated>
		<difficult>0</difficult>
		<bndbox>
			<xmin>133</xmin>
			<ymin>40</ymin>
			<xmax>197</xmax>
			<ymax>155</ymax>
		</bndbox>
	</object>
</annotation>
