<annotation>
	<folder>sunflower</folder>
	<filename>1484598527_579a272f53.jpg</filename>
	<path>C:\Fastwork\P6\source_image\sunflower\1484598527_579a272f53.jpg</path>
	<source>
		<database>Unknown</database>
	</source>
	<size>
		<width>500</width>
		<height>325</height>
		<depth>3</depth>
	</size>
	<segmented>0</segmented>
	<object>
		<name>sunflower</name>
		<pose>Unspecified</pose>
		<truncated>0</truncated>
		<difficult>0</difficult>
		<bndbox>
			<xmin>7</xmin>
			<ymin>6</ymin>
			<xmax>495</xmax>
			<ymax>324</ymax>
		</bndbox>
	</object>
</annotation>
