<annotation>
	<folder>sunflower</folder>
	<filename>1485456230_58d8e45e88.jpg</filename>
	<path>C:\Fastwork\P6\source_image\sunflower\1485456230_58d8e45e88.jpg</path>
	<source>
		<database>Unknown</database>
	</source>
	<size>
		<width>500</width>
		<height>321</height>
		<depth>3</depth>
	</size>
	<segmented>0</segmented>
	<object>
		<name>sunflower</name>
		<pose>Unspecified</pose>
		<truncated>1</truncated>
		<difficult>0</difficult>
		<bndbox>
			<xmin>27</xmin>
			<ymin>31</ymin>
			<xmax>372</xmax>
			<ymax>321</ymax>
		</bndbox>
	</object>
</annotation>
