<annotation>
	<folder>sunflower</folder>
	<filename>151898652_b5f1c70b98_n.jpg</filename>
	<path>C:\Fastwork\P6\source_image\sunflower\151898652_b5f1c70b98_n.jpg</path>
	<source>
		<database>Unknown</database>
	</source>
	<size>
		<width>320</width>
		<height>240</height>
		<depth>3</depth>
	</size>
	<segmented>0</segmented>
	<object>
		<name>sunflower</name>
		<pose>Unspecified</pose>
		<truncated>0</truncated>
		<difficult>0</difficult>
		<bndbox>
			<xmin>84</xmin>
			<ymin>35</ymin>
			<xmax>280</xmax>
			<ymax>225</ymax>
		</bndbox>
	</object>
</annotation>
