<annotation>
	<folder>tulip</folder>
	<filename>155097272_70feb13184.jpg</filename>
	<path>C:\Fastwork\P6\source_image\tulip\155097272_70feb13184.jpg</path>
	<source>
		<database>Unknown</database>
	</source>
	<size>
		<width>500</width>
		<height>373</height>
		<depth>3</depth>
	</size>
	<segmented>0</segmented>
	<object>
		<name>tulip</name>
		<pose>Unspecified</pose>
		<truncated>0</truncated>
		<difficult>0</difficult>
		<bndbox>
			<xmin>143</xmin>
			<ymin>36</ymin>
			<xmax>255</xmax>
			<ymax>121</ymax>
		</bndbox>
	</object>
</annotation>
