<annotation>
	<folder>sunflower</folder>
	<filename>1596293240_2d5b53495a_m.jpg</filename>
	<path>C:\Fastwork\P6\source_image\sunflower\1596293240_2d5b53495a_m.jpg</path>
	<source>
		<database>Unknown</database>
	</source>
	<size>
		<width>240</width>
		<height>180</height>
		<depth>3</depth>
	</size>
	<segmented>0</segmented>
	<object>
		<name>sunflower</name>
		<pose>Unspecified</pose>
		<truncated>0</truncated>
		<difficult>0</difficult>
		<bndbox>
			<xmin>24</xmin>
			<ymin>2</ymin>
			<xmax>142</xmax>
			<ymax>161</ymax>
		</bndbox>
	</object>
</annotation>
