<annotation>
	<folder>tulip</folder>
	<filename>164578909_51f245d3fa_n.jpg</filename>
	<path>C:\Fastwork\P6\source_image\tulip\164578909_51f245d3fa_n.jpg</path>
	<source>
		<database>Unknown</database>
	</source>
	<size>
		<width>320</width>
		<height>240</height>
		<depth>3</depth>
	</size>
	<segmented>0</segmented>
	<object>
		<name>tulip</name>
		<pose>Unspecified</pose>
		<truncated>0</truncated>
		<difficult>0</difficult>
		<bndbox>
			<xmin>120</xmin>
			<ymin>8</ymin>
			<xmax>156</xmax>
			<ymax>44</ymax>
		</bndbox>
	</object>
</annotation>
