<annotation>
	<folder>sunflower</folder>
	<filename>164670455_29d8e02bbd_n.jpg</filename>
	<path>C:\Fastwork\P6\source_image\sunflower\164670455_29d8e02bbd_n.jpg</path>
	<source>
		<database>Unknown</database>
	</source>
	<size>
		<width>320</width>
		<height>228</height>
		<depth>3</depth>
	</size>
	<segmented>0</segmented>
	<object>
		<name>sunflower</name>
		<pose>Unspecified</pose>
		<truncated>0</truncated>
		<difficult>0</difficult>
		<bndbox>
			<xmin>59</xmin>
			<ymin>27</ymin>
			<xmax>263</xmax>
			<ymax>223</ymax>
		</bndbox>
	</object>
</annotation>
