<annotation>
	<folder>sunflower</folder>
	<filename>164671753_ab36d9cbb7_n.jpg</filename>
	<path>C:\Fastwork\P6\source_image\sunflower\164671753_ab36d9cbb7_n.jpg</path>
	<source>
		<database>Unknown</database>
	</source>
	<size>
		<width>320</width>
		<height>228</height>
		<depth>3</depth>
	</size>
	<segmented>0</segmented>
	<object>
		<name>sunflower</name>
		<pose>Unspecified</pose>
		<truncated>1</truncated>
		<difficult>0</difficult>
		<bndbox>
			<xmin>45</xmin>
			<ymin>17</ymin>
			<xmax>230</xmax>
			<ymax>228</ymax>
		</bndbox>
	</object>
</annotation>
