<annotation>
	<folder>sunflower</folder>
	<filename>164668737_aeab0cb55e_n.jpg</filename>
	<path>C:\Fastwork\P6\source_image\sunflower\164668737_aeab0cb55e_n.jpg</path>
	<source>
		<database>Unknown</database>
	</source>
	<size>
		<width>320</width>
		<height>228</height>
		<depth>3</depth>
	</size>
	<segmented>0</segmented>
	<object>
		<name>sunflower</name>
		<pose>Unspecified</pose>
		<truncated>0</truncated>
		<difficult>0</difficult>
		<bndbox>
			<xmin>34</xmin>
			<ymin>22</ymin>
			<xmax>207</xmax>
			<ymax>225</ymax>
		</bndbox>
	</object>
</annotation>
