<annotation>
	<folder>tulip</folder>
	<filename>175686816_067a8cb4c5.jpg</filename>
	<path>C:\Fastwork\P6\source_image\tulip\175686816_067a8cb4c5.jpg</path>
	<source>
		<database>Unknown</database>
	</source>
	<size>
		<width>500</width>
		<height>375</height>
		<depth>3</depth>
	</size>
	<segmented>0</segmented>
	<object>
		<name>tulip</name>
		<pose>Unspecified</pose>
		<truncated>0</truncated>
		<difficult>0</difficult>
		<bndbox>
			<xmin>306</xmin>
			<ymin>111</ymin>
			<xmax>387</xmax>
			<ymax>202</ymax>
		</bndbox>
	</object>
</annotation>
