<annotation>
	<folder>sunflower</folder>
	<filename>175638423_058c07afb9.jpg</filename>
	<path>C:\Fastwork\P6\source_image\sunflower\175638423_058c07afb9.jpg</path>
	<source>
		<database>Unknown</database>
	</source>
	<size>
		<width>500</width>
		<height>375</height>
		<depth>3</depth>
	</size>
	<segmented>0</segmented>
	<object>
		<name>sunflower</name>
		<pose>Unspecified</pose>
		<truncated>0</truncated>
		<difficult>0</difficult>
		<bndbox>
			<xmin>40</xmin>
			<ymin>31</ymin>
			<xmax>374</xmax>
			<ymax>370</ymax>
		</bndbox>
	</object>
</annotation>
