<annotation>
	<folder>sunflower</folder>
	<filename>1788133737_b1133d1aa7.jpg</filename>
	<path>C:\Fastwork\P6\source_image\sunflower\1788133737_b1133d1aa7.jpg</path>
	<source>
		<database>Unknown</database>
	</source>
	<size>
		<width>500</width>
		<height>375</height>
		<depth>3</depth>
	</size>
	<segmented>0</segmented>
	<object>
		<name>sunflower</name>
		<pose>Unspecified</pose>
		<truncated>0</truncated>
		<difficult>0</difficult>
		<bndbox>
			<xmin>163</xmin>
			<ymin>28</ymin>
			<xmax>231</xmax>
			<ymax>95</ymax>
		</bndbox>
	</object>
</annotation>
