<annotation>
	<folder>sunflower</folder>
	<filename>184683023_737fec5b18.jpg</filename>
	<path>C:\Fastwork\P6\source_image\sunflower\184683023_737fec5b18.jpg</path>
	<source>
		<database>Unknown</database>
	</source>
	<size>
		<width>500</width>
		<height>332</height>
		<depth>3</depth>
	</size>
	<segmented>0</segmented>
	<object>
		<name>sunflower</name>
		<pose>Unspecified</pose>
		<truncated>1</truncated>
		<difficult>0</difficult>
		<bndbox>
			<xmin>185</xmin>
			<ymin>159</ymin>
			<xmax>373</xmax>
			<ymax>332</ymax>
		</bndbox>
	</object>
</annotation>
