<annotation>
	<folder>sunflower</folder>
	<filename>184682506_8a9b8c662d.jpg</filename>
	<path>C:\Fastwork\P6\source_image\sunflower\184682506_8a9b8c662d.jpg</path>
	<source>
		<database>Unknown</database>
	</source>
	<size>
		<width>500</width>
		<height>332</height>
		<depth>3</depth>
	</size>
	<segmented>0</segmented>
	<object>
		<name>sunflower</name>
		<pose>Unspecified</pose>
		<truncated>0</truncated>
		<difficult>0</difficult>
		<bndbox>
			<xmin>211</xmin>
			<ymin>126</ymin>
			<xmax>301</xmax>
			<ymax>233</ymax>
		</bndbox>
	</object>
</annotation>
