<annotation>
	<folder>sunflower</folder>
	<filename>184682095_46f8607278.jpg</filename>
	<path>C:\Fastwork\P6\source_image\sunflower\184682095_46f8607278.jpg</path>
	<source>
		<database>Unknown</database>
	</source>
	<size>
		<width>500</width>
		<height>332</height>
		<depth>3</depth>
	</size>
	<segmented>0</segmented>
	<object>
		<name>sunflower</name>
		<pose>Unspecified</pose>
		<truncated>0</truncated>
		<difficult>0</difficult>
		<bndbox>
			<xmin>334</xmin>
			<ymin>122</ymin>
			<xmax>480</xmax>
			<ymax>276</ymax>
		</bndbox>
	</object>
</annotation>
