<annotation>
	<folder>sunflower</folder>
	<filename>184682920_97ae41ce60_m.jpg</filename>
	<path>C:\Fastwork\P6\source_image\sunflower\184682920_97ae41ce60_m.jpg</path>
	<source>
		<database>Unknown</database>
	</source>
	<size>
		<width>159</width>
		<height>240</height>
		<depth>3</depth>
	</size>
	<segmented>0</segmented>
	<object>
		<name>sunflower</name>
		<pose>Unspecified</pose>
		<truncated>1</truncated>
		<difficult>0</difficult>
		<bndbox>
			<xmin>1</xmin>
			<ymin>46</ymin>
			<xmax>159</xmax>
			<ymax>208</ymax>
		</bndbox>
	</object>
</annotation>
