<annotation>
	<folder>sunflower</folder>
	<filename>193874852_fb633d8d00_n.jpg</filename>
	<path>C:\Fastwork\P6\source_image\sunflower\193874852_fb633d8d00_n.jpg</path>
	<source>
		<database>Unknown</database>
	</source>
	<size>
		<width>320</width>
		<height>240</height>
		<depth>3</depth>
	</size>
	<segmented>0</segmented>
	<object>
		<name>sunflower</name>
		<pose>Unspecified</pose>
		<truncated>1</truncated>
		<difficult>0</difficult>
		<bndbox>
			<xmin>90</xmin>
			<ymin>197</ymin>
			<xmax>139</xmax>
			<ymax>240</ymax>
		</bndbox>
	</object>
</annotation>
