<annotation>
	<folder>sunflower</folder>
	<filename>197011740_21825de2bf.jpg</filename>
	<path>C:\Fastwork\P6\source_image\sunflower\197011740_21825de2bf.jpg</path>
	<source>
		<database>Unknown</database>
	</source>
	<size>
		<width>500</width>
		<height>375</height>
		<depth>3</depth>
	</size>
	<segmented>0</segmented>
	<object>
		<name>sunflower</name>
		<pose>Unspecified</pose>
		<truncated>0</truncated>
		<difficult>0</difficult>
		<bndbox>
			<xmin>322</xmin>
			<ymin>197</ymin>
			<xmax>402</xmax>
			<ymax>273</ymax>
		</bndbox>
	</object>
</annotation>
