<annotation>
	<folder>sunflower</folder>
	<filename>200557979_a16112aac1_n.jpg</filename>
	<path>C:\Fastwork\P6\source_image\sunflower\200557979_a16112aac1_n.jpg</path>
	<source>
		<database>Unknown</database>
	</source>
	<size>
		<width>320</width>
		<height>240</height>
		<depth>3</depth>
	</size>
	<segmented>0</segmented>
	<object>
		<name>sunflower</name>
		<pose>Unspecified</pose>
		<truncated>0</truncated>
		<difficult>0</difficult>
		<bndbox>
			<xmin>125</xmin>
			<ymin>44</ymin>
			<xmax>185</xmax>
			<ymax>106</ymax>
		</bndbox>
	</object>
</annotation>
