<annotation>
	<folder>sunflower</folder>
	<filename>200557983_10a88672fc.jpg</filename>
	<path>C:\Fastwork\P6\source_image\sunflower\200557983_10a88672fc.jpg</path>
	<source>
		<database>Unknown</database>
	</source>
	<size>
		<width>500</width>
		<height>375</height>
		<depth>3</depth>
	</size>
	<segmented>0</segmented>
	<object>
		<name>sunflower</name>
		<pose>Unspecified</pose>
		<truncated>0</truncated>
		<difficult>0</difficult>
		<bndbox>
			<xmin>207</xmin>
			<ymin>73</ymin>
			<xmax>435</xmax>
			<ymax>219</ymax>
		</bndbox>
	</object>
</annotation>
