<annotation>
	<folder>sunflower</folder>
	<filename>200557981_f800fa1af9.jpg</filename>
	<path>C:\Fastwork\P6\source_image\sunflower\200557981_f800fa1af9.jpg</path>
	<source>
		<database>Unknown</database>
	</source>
	<size>
		<width>500</width>
		<height>375</height>
		<depth>3</depth>
	</size>
	<segmented>0</segmented>
	<object>
		<name>sunflower</name>
		<pose>Unspecified</pose>
		<truncated>0</truncated>
		<difficult>0</difficult>
		<bndbox>
			<xmin>161</xmin>
			<ymin>164</ymin>
			<xmax>323</xmax>
			<ymax>286</ymax>
		</bndbox>
	</object>
</annotation>
