<annotation>
	<folder>sunflower</folder>
	<filename>200557977_bf24d9550b.jpg</filename>
	<path>C:\Fastwork\P6\source_image\sunflower\200557977_bf24d9550b.jpg</path>
	<source>
		<database>Unknown</database>
	</source>
	<size>
		<width>500</width>
		<height>375</height>
		<depth>3</depth>
	</size>
	<segmented>0</segmented>
	<object>
		<name>sunflower</name>
		<pose>Unspecified</pose>
		<truncated>0</truncated>
		<difficult>0</difficult>
		<bndbox>
			<xmin>189</xmin>
			<ymin>163</ymin>
			<xmax>405</xmax>
			<ymax>317</ymax>
		</bndbox>
	</object>
</annotation>
