<annotation>
	<folder>tulip</folder>
	<filename>2087981909_fd468de5c4_n.jpg</filename>
	<path>C:\Fastwork\P6\source_image\tulip\2087981909_fd468de5c4_n.jpg</path>
	<source>
		<database>Unknown</database>
	</source>
	<size>
		<width>320</width>
		<height>240</height>
		<depth>3</depth>
	</size>
	<segmented>0</segmented>
	<object>
		<name>tulip</name>
		<pose>Unspecified</pose>
		<truncated>0</truncated>
		<difficult>0</difficult>
		<bndbox>
			<xmin>105</xmin>
			<ymin>120</ymin>
			<xmax>172</xmax>
			<ymax>179</ymax>
		</bndbox>
	</object>
</annotation>
