<annotation>
	<folder>sunflower</folder>
	<filename>210076535_80951bc5d5.jpg</filename>
	<path>C:\Fastwork\P6\source_image\sunflower\210076535_80951bc5d5.jpg</path>
	<source>
		<database>Unknown</database>
	</source>
	<size>
		<width>500</width>
		<height>375</height>
		<depth>3</depth>
	</size>
	<segmented>0</segmented>
	<object>
		<name>sunflower</name>
		<pose>Unspecified</pose>
		<truncated>0</truncated>
		<difficult>0</difficult>
		<bndbox>
			<xmin>113</xmin>
			<ymin>107</ymin>
			<xmax>212</xmax>
			<ymax>188</ymax>
		</bndbox>
	</object>
</annotation>
