<annotation>
	<folder>tulip</folder>
	<filename>212720516_df4965ebda_n.jpg</filename>
	<path>C:\Fastwork\P6\source_image\tulip\212720516_df4965ebda_n.jpg</path>
	<source>
		<database>Unknown</database>
	</source>
	<size>
		<width>320</width>
		<height>213</height>
		<depth>3</depth>
	</size>
	<segmented>0</segmented>
	<object>
		<name>tulip</name>
		<pose>Unspecified</pose>
		<truncated>0</truncated>
		<difficult>0</difficult>
		<bndbox>
			<xmin>77</xmin>
			<ymin>48</ymin>
			<xmax>110</xmax>
			<ymax>105</ymax>
		</bndbox>
	</object>
</annotation>
