<annotation>
	<folder>sunflower</folder>
	<filename>215798354_429de28c2d.jpg</filename>
	<path>C:\Fastwork\P6\source_image\sunflower\215798354_429de28c2d.jpg</path>
	<source>
		<database>Unknown</database>
	</source>
	<size>
		<width>500</width>
		<height>375</height>
		<depth>3</depth>
	</size>
	<segmented>0</segmented>
	<object>
		<name>sunflower</name>
		<pose>Unspecified</pose>
		<truncated>0</truncated>
		<difficult>0</difficult>
		<bndbox>
			<xmin>86</xmin>
			<ymin>56</ymin>
			<xmax>147</xmax>
			<ymax>126</ymax>
		</bndbox>
	</object>
</annotation>
