<annotation>
	<folder>sunflower</folder>
	<filename>215798357_3f4bfa27b7.jpg</filename>
	<path>C:\Fastwork\P6\source_image\sunflower\215798357_3f4bfa27b7.jpg</path>
	<source>
		<database>Unknown</database>
	</source>
	<size>
		<width>500</width>
		<height>375</height>
		<depth>3</depth>
	</size>
	<segmented>0</segmented>
	<object>
		<name>sunflower</name>
		<pose>Unspecified</pose>
		<truncated>0</truncated>
		<difficult>0</difficult>
		<bndbox>
			<xmin>213</xmin>
			<ymin>111</ymin>
			<xmax>250</xmax>
			<ymax>151</ymax>
		</bndbox>
	</object>
</annotation>
