<annotation>
	<folder>tulip</folder>
	<filename>2229804138_db9cba3443_n.jpg</filename>
	<path>C:\Fastwork\P6\source_image\tulip\2229804138_db9cba3443_n.jpg</path>
	<source>
		<database>Unknown</database>
	</source>
	<size>
		<width>320</width>
		<height>224</height>
		<depth>3</depth>
	</size>
	<segmented>0</segmented>
	<object>
		<name>tulip</name>
		<pose>Unspecified</pose>
		<truncated>0</truncated>
		<difficult>0</difficult>
		<bndbox>
			<xmin>15</xmin>
			<ymin>112</ymin>
			<xmax>178</xmax>
			<ymax>209</ymax>
		</bndbox>
	</object>
</annotation>
