<annotation>
	<folder>tulip</folder>
	<filename>2232289392_9a79a0c5cb_n.jpg</filename>
	<path>C:\Fastwork\P6\source_image\tulip\2232289392_9a79a0c5cb_n.jpg</path>
	<source>
		<database>Unknown</database>
	</source>
	<size>
		<width>320</width>
		<height>229</height>
		<depth>3</depth>
	</size>
	<segmented>0</segmented>
	<object>
		<name>tulip</name>
		<pose>Unspecified</pose>
		<truncated>0</truncated>
		<difficult>0</difficult>
		<bndbox>
			<xmin>107</xmin>
			<ymin>5</ymin>
			<xmax>220</xmax>
			<ymax>154</ymax>
		</bndbox>
	</object>
</annotation>
