<annotation>
	<folder>tulip</folder>
	<filename>2243427551_809b603992_z.jpg</filename>
	<path>C:\Fastwork\P6\source_image\tulip\2243427551_809b603992_z.jpg</path>
	<source>
		<database>Unknown</database>
	</source>
	<size>
		<width>640</width>
		<height>222</height>
		<depth>3</depth>
	</size>
	<segmented>0</segmented>
	<object>
		<name>tulip</name>
		<pose>Unspecified</pose>
		<truncated>0</truncated>
		<difficult>0</difficult>
		<bndbox>
			<xmin>11</xmin>
			<ymin>4</ymin>
			<xmax>618</xmax>
			<ymax>217</ymax>
		</bndbox>
	</object>
</annotation>
