<annotation>
	<folder>tulip</folder>
	<filename>2254152047_d3bf8903cd_n.jpg</filename>
	<path>C:\Fastwork\P6\source_image\tulip\2254152047_d3bf8903cd_n.jpg</path>
	<source>
		<database>Unknown</database>
	</source>
	<size>
		<width>320</width>
		<height>249</height>
		<depth>3</depth>
	</size>
	<segmented>0</segmented>
	<object>
		<name>tulip</name>
		<pose>Unspecified</pose>
		<truncated>0</truncated>
		<difficult>0</difficult>
		<bndbox>
			<xmin>174</xmin>
			<ymin>61</ymin>
			<xmax>248</xmax>
			<ymax>164</ymax>
		</bndbox>
	</object>
</annotation>
