<annotation>
	<folder>tulip</folder>
	<filename>2256230386_08b54ca760.jpg</filename>
	<path>C:\Fastwork\P6\source_image\tulip\2256230386_08b54ca760.jpg</path>
	<source>
		<database>Unknown</database>
	</source>
	<size>
		<width>500</width>
		<height>333</height>
		<depth>3</depth>
	</size>
	<segmented>0</segmented>
	<object>
		<name>tulip</name>
		<pose>Unspecified</pose>
		<truncated>0</truncated>
		<difficult>0</difficult>
		<bndbox>
			<xmin>126</xmin>
			<ymin>48</ymin>
			<xmax>247</xmax>
			<ymax>112</ymax>
		</bndbox>
	</object>
</annotation>
