<annotation>
	<folder>tulip</folder>
	<filename>2256214682_130c01d9d9.jpg</filename>
	<path>C:\Fastwork\P6\source_image\tulip\2256214682_130c01d9d9.jpg</path>
	<source>
		<database>Unknown</database>
	</source>
	<size>
		<width>500</width>
		<height>333</height>
		<depth>3</depth>
	</size>
	<segmented>0</segmented>
	<object>
		<name>tulip</name>
		<pose>Unspecified</pose>
		<truncated>0</truncated>
		<difficult>0</difficult>
		<bndbox>
			<xmin>183</xmin>
			<ymin>30</ymin>
			<xmax>326</xmax>
			<ymax>111</ymax>
		</bndbox>
	</object>
</annotation>
