<annotation>
	<folder>tulip</folder>
	<filename>2271507463_15c48d41c4_n.jpg</filename>
	<path>C:\Fastwork\P6\source_image\tulip\2271507463_15c48d41c4_n.jpg</path>
	<source>
		<database>Unknown</database>
	</source>
	<size>
		<width>320</width>
		<height>239</height>
		<depth>3</depth>
	</size>
	<segmented>0</segmented>
	<object>
		<name>tulip</name>
		<pose>Unspecified</pose>
		<truncated>0</truncated>
		<difficult>0</difficult>
		<bndbox>
			<xmin>131</xmin>
			<ymin>13</ymin>
			<xmax>265</xmax>
			<ymax>133</ymax>
		</bndbox>
	</object>
</annotation>
