<annotation>
	<folder>tulip</folder>
	<filename>2280950463_86510c2789_n.jpg</filename>
	<path>C:\Fastwork\P6\source_image\tulip\2280950463_86510c2789_n.jpg</path>
	<source>
		<database>Unknown</database>
	</source>
	<size>
		<width>320</width>
		<height>213</height>
		<depth>3</depth>
	</size>
	<segmented>0</segmented>
	<object>
		<name>tulip</name>
		<pose>Unspecified</pose>
		<truncated>0</truncated>
		<difficult>0</difficult>
		<bndbox>
			<xmin>90</xmin>
			<ymin>100</ymin>
			<xmax>158</xmax>
			<ymax>173</ymax>
		</bndbox>
	</object>
</annotation>
