<annotation>
	<folder>tulip</folder>
	<filename>2294116183_a30d2aa2c1_m.jpg</filename>
	<path>C:\Fastwork\P6\source_image\tulip\2294116183_a30d2aa2c1_m.jpg</path>
	<source>
		<database>Unknown</database>
	</source>
	<size>
		<width>215</width>
		<height>240</height>
		<depth>3</depth>
	</size>
	<segmented>0</segmented>
	<object>
		<name>tulip</name>
		<pose>Unspecified</pose>
		<truncated>0</truncated>
		<difficult>0</difficult>
		<bndbox>
			<xmin>31</xmin>
			<ymin>2</ymin>
			<xmax>211</xmax>
			<ymax>170</ymax>
		</bndbox>
	</object>
</annotation>
