<annotation>
	<folder>sunflower</folder>
	<filename>2307673262_e1e1aefd29.jpg</filename>
	<path>C:\Fastwork\P6\source_image\sunflower\2307673262_e1e1aefd29.jpg</path>
	<source>
		<database>Unknown</database>
	</source>
	<size>
		<width>500</width>
		<height>400</height>
		<depth>3</depth>
	</size>
	<segmented>0</segmented>
	<object>
		<name>sunflower</name>
		<pose>Unspecified</pose>
		<truncated>1</truncated>
		<difficult>0</difficult>
		<bndbox>
			<xmin>250</xmin>
			<ymin>1</ymin>
			<xmax>353</xmax>
			<ymax>69</ymax>
		</bndbox>
	</object>
</annotation>
