<annotation>
	<folder>tulip</folder>
	<filename>2322670828_34115a7050.jpg</filename>
	<path>C:\Fastwork\P6\source_image\tulip\2322670828_34115a7050.jpg</path>
	<source>
		<database>Unknown</database>
	</source>
	<size>
		<width>500</width>
		<height>324</height>
		<depth>3</depth>
	</size>
	<segmented>0</segmented>
	<object>
		<name>tulip</name>
		<pose>Unspecified</pose>
		<truncated>0</truncated>
		<difficult>0</difficult>
		<bndbox>
			<xmin>95</xmin>
			<ymin>78</ymin>
			<xmax>174</xmax>
			<ymax>189</ymax>
		</bndbox>
	</object>
</annotation>
