<annotation>
	<folder>tulip</folder>
	<filename>2336919121_851ebc4754.jpg</filename>
	<path>C:\Fastwork\P6\source_image\tulip\2336919121_851ebc4754.jpg</path>
	<source>
		<database>Unknown</database>
	</source>
	<size>
		<width>500</width>
		<height>333</height>
		<depth>3</depth>
	</size>
	<segmented>0</segmented>
	<object>
		<name>tulip</name>
		<pose>Unspecified</pose>
		<truncated>0</truncated>
		<difficult>0</difficult>
		<bndbox>
			<xmin>182</xmin>
			<ymin>72</ymin>
			<xmax>329</xmax>
			<ymax>230</ymax>
		</bndbox>
	</object>
</annotation>
