<annotation>
	<folder>tulip</folder>
	<filename>2344751399_71620039f2_n.jpg</filename>
	<path>C:\Fastwork\P6\source_image\tulip\2344751399_71620039f2_n.jpg</path>
	<source>
		<database>Unknown</database>
	</source>
	<size>
		<width>320</width>
		<height>211</height>
		<depth>3</depth>
	</size>
	<segmented>0</segmented>
	<object>
		<name>tulip</name>
		<pose>Unspecified</pose>
		<truncated>0</truncated>
		<difficult>0</difficult>
		<bndbox>
			<xmin>121</xmin>
			<ymin>56</ymin>
			<xmax>156</xmax>
			<ymax>88</ymax>
		</bndbox>
	</object>
</annotation>
