<annotation>
	<folder>tulip</folder>
	<filename>2361075034_cf730b8682.jpg</filename>
	<path>C:\Fastwork\P6\source_image\tulip\2361075034_cf730b8682.jpg</path>
	<source>
		<database>Unknown</database>
	</source>
	<size>
		<width>500</width>
		<height>333</height>
		<depth>3</depth>
	</size>
	<segmented>0</segmented>
	<object>
		<name>tulip</name>
		<pose>Unspecified</pose>
		<truncated>0</truncated>
		<difficult>0</difficult>
		<bndbox>
			<xmin>277</xmin>
			<ymin>56</ymin>
			<xmax>498</xmax>
			<ymax>290</ymax>
		</bndbox>
	</object>
</annotation>
