<annotation>
	<folder>tulip</folder>
	<filename>2399982682_16929d1f6d_n.jpg</filename>
	<path>C:\Fastwork\P6\source_image\tulip\2399982682_16929d1f6d_n.jpg</path>
	<source>
		<database>Unknown</database>
	</source>
	<size>
		<width>320</width>
		<height>213</height>
		<depth>3</depth>
	</size>
	<segmented>0</segmented>
	<object>
		<name>tulip</name>
		<pose>Unspecified</pose>
		<truncated>0</truncated>
		<difficult>0</difficult>
		<bndbox>
			<xmin>108</xmin>
			<ymin>85</ymin>
			<xmax>180</xmax>
			<ymax>159</ymax>
		</bndbox>
	</object>
</annotation>
