<annotation>
	<folder>tulip</folder>
	<filename>2402342888_dd65677013.jpg</filename>
	<path>C:\Fastwork\P6\source_image\tulip\2402342888_dd65677013.jpg</path>
	<source>
		<database>Unknown</database>
	</source>
	<size>
		<width>500</width>
		<height>331</height>
		<depth>3</depth>
	</size>
	<segmented>0</segmented>
	<object>
		<name>tulip</name>
		<pose>Unspecified</pose>
		<truncated>0</truncated>
		<difficult>0</difficult>
		<bndbox>
			<xmin>11</xmin>
			<ymin>50</ymin>
			<xmax>204</xmax>
			<ymax>232</ymax>
		</bndbox>
	</object>
</annotation>
