<annotation>
	<folder>tulip</folder>
	<filename>2418823693_72eec80f42_n.jpg</filename>
	<path>C:\Fastwork\P6\source_image\tulip\2418823693_72eec80f42_n.jpg</path>
	<source>
		<database>Unknown</database>
	</source>
	<size>
		<width>320</width>
		<height>213</height>
		<depth>3</depth>
	</size>
	<segmented>0</segmented>
	<object>
		<name>tulip</name>
		<pose>Unspecified</pose>
		<truncated>0</truncated>
		<difficult>0</difficult>
		<bndbox>
			<xmin>74</xmin>
			<ymin>19</ymin>
			<xmax>143</xmax>
			<ymax>82</ymax>
		</bndbox>
	</object>
</annotation>
