<annotation>
	<folder>tulip</folder>
	<filename>2421740440_f82ced8582.jpg</filename>
	<path>C:\Fastwork\P6\source_image\tulip\2421740440_f82ced8582.jpg</path>
	<source>
		<database>Unknown</database>
	</source>
	<size>
		<width>500</width>
		<height>333</height>
		<depth>3</depth>
	</size>
	<segmented>0</segmented>
	<object>
		<name>tulip</name>
		<pose>Unspecified</pose>
		<truncated>0</truncated>
		<difficult>0</difficult>
		<bndbox>
			<xmin>100</xmin>
			<ymin>106</ymin>
			<xmax>333</xmax>
			<ymax>285</ymax>
		</bndbox>
	</object>
</annotation>
