<annotation>
	<folder>sunflower</folder>
	<filename>2425164088_4a5d2cdf21_n.jpg</filename>
	<path>C:\Fastwork\P6\source_image\sunflower\2425164088_4a5d2cdf21_n.jpg</path>
	<source>
		<database>Unknown</database>
	</source>
	<size>
		<width>320</width>
		<height>240</height>
		<depth>3</depth>
	</size>
	<segmented>0</segmented>
	<object>
		<name>sunflower</name>
		<pose>Unspecified</pose>
		<truncated>0</truncated>
		<difficult>0</difficult>
		<bndbox>
			<xmin>69</xmin>
			<ymin>61</ymin>
			<xmax>179</xmax>
			<ymax>172</ymax>
		</bndbox>
	</object>
</annotation>
