<annotation>
	<folder>tulip</folder>
	<filename>2427626706_ffdf697f84_n.jpg</filename>
	<path>C:\Fastwork\P6\source_image\tulip\2427626706_ffdf697f84_n.jpg</path>
	<source>
		<database>Unknown</database>
	</source>
	<size>
		<width>320</width>
		<height>221</height>
		<depth>3</depth>
	</size>
	<segmented>0</segmented>
	<object>
		<name>tulip</name>
		<pose>Unspecified</pose>
		<truncated>0</truncated>
		<difficult>0</difficult>
		<bndbox>
			<xmin>49</xmin>
			<ymin>37</ymin>
			<xmax>110</xmax>
			<ymax>124</ymax>
		</bndbox>
	</object>
</annotation>
