<annotation>
	<folder>tulip</folder>
	<filename>2430566689_8543552f9b.jpg</filename>
	<path>C:\Fastwork\P6\source_image\tulip\2430566689_8543552f9b.jpg</path>
	<source>
		<database>Unknown</database>
	</source>
	<size>
		<width>500</width>
		<height>313</height>
		<depth>3</depth>
	</size>
	<segmented>0</segmented>
	<object>
		<name>tulip</name>
		<pose>Unspecified</pose>
		<truncated>0</truncated>
		<difficult>0</difficult>
		<bndbox>
			<xmin>121</xmin>
			<ymin>66</ymin>
			<xmax>341</xmax>
			<ymax>247</ymax>
		</bndbox>
	</object>
</annotation>
