<annotation>
	<folder>tulip</folder>
	<filename>2431737309_1468526f8b.jpg</filename>
	<path>C:\Fastwork\P6\source_image\tulip\2431737309_1468526f8b.jpg</path>
	<source>
		<database>Unknown</database>
	</source>
	<size>
		<width>500</width>
		<height>441</height>
		<depth>3</depth>
	</size>
	<segmented>0</segmented>
	<object>
		<name>tulip</name>
		<pose>Unspecified</pose>
		<truncated>0</truncated>
		<difficult>0</difficult>
		<bndbox>
			<xmin>118</xmin>
			<ymin>20</ymin>
			<xmax>240</xmax>
			<ymax>128</ymax>
		</bndbox>
	</object>
</annotation>
