<annotation>
	<folder>tulip</folder>
	<filename>2436998042_4906ea07af.jpg</filename>
	<path>C:\Fastwork\P6\source_image\tulip\2436998042_4906ea07af.jpg</path>
	<source>
		<database>Unknown</database>
	</source>
	<size>
		<width>500</width>
		<height>335</height>
		<depth>3</depth>
	</size>
	<segmented>0</segmented>
	<object>
		<name>tulip</name>
		<pose>Unspecified</pose>
		<truncated>0</truncated>
		<difficult>0</difficult>
		<bndbox>
			<xmin>224</xmin>
			<ymin>48</ymin>
			<xmax>304</xmax>
			<ymax>173</ymax>
		</bndbox>
	</object>
</annotation>
