<annotation>
	<folder>sunflower</folder>
	<filename>244074259_47ce6d3ef9.jpg</filename>
	<path>C:\Fastwork\P6\source_image\sunflower\244074259_47ce6d3ef9.jpg</path>
	<source>
		<database>Unknown</database>
	</source>
	<size>
		<width>500</width>
		<height>375</height>
		<depth>3</depth>
	</size>
	<segmented>0</segmented>
	<object>
		<name>sunflower</name>
		<pose>Unspecified</pose>
		<truncated>0</truncated>
		<difficult>0</difficult>
		<bndbox>
			<xmin>175</xmin>
			<ymin>208</ymin>
			<xmax>225</xmax>
			<ymax>262</ymax>
		</bndbox>
	</object>
</annotation>
