<annotation>
	<folder>sunflower</folder>
	<filename>2442985637_8748180f69.jpg</filename>
	<path>C:\Fastwork\P6\source_image\sunflower\2442985637_8748180f69.jpg</path>
	<source>
		<database>Unknown</database>
	</source>
	<size>
		<width>386</width>
		<height>320</height>
		<depth>3</depth>
	</size>
	<segmented>0</segmented>
	<object>
		<name>sunflower</name>
		<pose>Unspecified</pose>
		<truncated>0</truncated>
		<difficult>0</difficult>
		<bndbox>
			<xmin>71</xmin>
			<ymin>60</ymin>
			<xmax>206</xmax>
			<ymax>219</ymax>
		</bndbox>
	</object>
</annotation>
