<annotation>
	<folder>sunflower</folder>
	<filename>2443921986_d4582c123a.jpg</filename>
	<path>C:\Fastwork\P6\source_image\sunflower\2443921986_d4582c123a.jpg</path>
	<source>
		<database>Unknown</database>
	</source>
	<size>
		<width>465</width>
		<height>288</height>
		<depth>3</depth>
	</size>
	<segmented>0</segmented>
	<object>
		<name>sunflower</name>
		<pose>Unspecified</pose>
		<truncated>0</truncated>
		<difficult>0</difficult>
		<bndbox>
			<xmin>83</xmin>
			<ymin>20</ymin>
			<xmax>212</xmax>
			<ymax>168</ymax>
		</bndbox>
	</object>
</annotation>
