<annotation>
	<folder>sunflower</folder>
	<filename>2443095419_17b920d155_m.jpg</filename>
	<path>C:\Fastwork\P6\source_image\sunflower\2443095419_17b920d155_m.jpg</path>
	<source>
		<database>Unknown</database>
	</source>
	<size>
		<width>194</width>
		<height>240</height>
		<depth>3</depth>
	</size>
	<segmented>0</segmented>
	<object>
		<name>sunflower</name>
		<pose>Unspecified</pose>
		<truncated>0</truncated>
		<difficult>0</difficult>
		<bndbox>
			<xmin>84</xmin>
			<ymin>30</ymin>
			<xmax>130</xmax>
			<ymax>89</ymax>
		</bndbox>
	</object>
</annotation>
