<annotation>
	<folder>sunflower</folder>
	<filename>24459548_27a783feda.jpg</filename>
	<path>C:\Fastwork\P6\source_image\sunflower\24459548_27a783feda.jpg</path>
	<source>
		<database>Unknown</database>
	</source>
	<size>
		<width>500</width>
		<height>375</height>
		<depth>3</depth>
	</size>
	<segmented>0</segmented>
	<object>
		<name>sunflower</name>
		<pose>Unspecified</pose>
		<truncated>0</truncated>
		<difficult>0</difficult>
		<bndbox>
			<xmin>19</xmin>
			<ymin>5</ymin>
			<xmax>488</xmax>
			<ymax>370</ymax>
		</bndbox>
	</object>
</annotation>
