<annotation>
	<folder>tulip</folder>
	<filename>2489638840_72ff3ee527_n.jpg</filename>
	<path>C:\Fastwork\P6\source_image\tulip\2489638840_72ff3ee527_n.jpg</path>
	<source>
		<database>Unknown</database>
	</source>
	<size>
		<width>320</width>
		<height>240</height>
		<depth>3</depth>
	</size>
	<segmented>0</segmented>
	<object>
		<name>tulip</name>
		<pose>Unspecified</pose>
		<truncated>0</truncated>
		<difficult>0</difficult>
		<bndbox>
			<xmin>111</xmin>
			<ymin>95</ymin>
			<xmax>212</xmax>
			<ymax>221</ymax>
		</bndbox>
	</object>
</annotation>
