<annotation>
	<folder>tulip</folder>
	<filename>2503489175_f0848d3e8e.jpg</filename>
	<path>C:\Fastwork\P6\source_image\tulip\2503489175_f0848d3e8e.jpg</path>
	<source>
		<database>Unknown</database>
	</source>
	<size>
		<width>500</width>
		<height>332</height>
		<depth>3</depth>
	</size>
	<segmented>0</segmented>
	<object>
		<name>tulip</name>
		<pose>Unspecified</pose>
		<truncated>0</truncated>
		<difficult>0</difficult>
		<bndbox>
			<xmin>189</xmin>
			<ymin>57</ymin>
			<xmax>294</xmax>
			<ymax>156</ymax>
		</bndbox>
	</object>
</annotation>
