<annotation>
	<folder>tulip</folder>
	<filename>251811158_75fa3034ff.jpg</filename>
	<path>C:\Fastwork\P6\source_image\tulip\251811158_75fa3034ff.jpg</path>
	<source>
		<database>Unknown</database>
	</source>
	<size>
		<width>500</width>
		<height>376</height>
		<depth>3</depth>
	</size>
	<segmented>0</segmented>
	<object>
		<name>tulip</name>
		<pose>Unspecified</pose>
		<truncated>0</truncated>
		<difficult>0</difficult>
		<bndbox>
			<xmin>191</xmin>
			<ymin>41</ymin>
			<xmax>361</xmax>
			<ymax>212</ymax>
		</bndbox>
	</object>
</annotation>
