<annotation>
	<folder>sunflower</folder>
	<filename>253586685_ee5b5f5232.jpg</filename>
	<path>C:\Fastwork\P6\source_image\sunflower\253586685_ee5b5f5232.jpg</path>
	<source>
		<database>Unknown</database>
	</source>
	<size>
		<width>500</width>
		<height>333</height>
		<depth>3</depth>
	</size>
	<segmented>0</segmented>
	<object>
		<name>sunflower</name>
		<pose>Unspecified</pose>
		<truncated>0</truncated>
		<difficult>0</difficult>
		<bndbox>
			<xmin>208</xmin>
			<ymin>112</ymin>
			<xmax>304</xmax>
			<ymax>225</ymax>
		</bndbox>
	</object>
</annotation>
