<annotation>
	<folder>sunflower</folder>
	<filename>2575272111_f04d79b9af_n.jpg</filename>
	<path>C:\Fastwork\P6\source_image\sunflower\2575272111_f04d79b9af_n.jpg</path>
	<source>
		<database>Unknown</database>
	</source>
	<size>
		<width>320</width>
		<height>249</height>
		<depth>3</depth>
	</size>
	<segmented>0</segmented>
	<object>
		<name>sunflower</name>
		<pose>Unspecified</pose>
		<truncated>0</truncated>
		<difficult>0</difficult>
		<bndbox>
			<xmin>19</xmin>
			<ymin>18</ymin>
			<xmax>232</xmax>
			<ymax>228</ymax>
		</bndbox>
	</object>
</annotation>
