<annotation>
	<folder>sunflower</folder>
	<filename>2588234269_c4bfd0d8b9_n.jpg</filename>
	<path>C:\Fastwork\P6\source_image\sunflower\2588234269_c4bfd0d8b9_n.jpg</path>
	<source>
		<database>Unknown</database>
	</source>
	<size>
		<width>320</width>
		<height>240</height>
		<depth>3</depth>
	</size>
	<segmented>0</segmented>
	<object>
		<name>sunflower</name>
		<pose>Unspecified</pose>
		<truncated>1</truncated>
		<difficult>0</difficult>
		<bndbox>
			<xmin>4</xmin>
			<ymin>1</ymin>
			<xmax>319</xmax>
			<ymax>238</ymax>
		</bndbox>
	</object>
</annotation>
