<annotation>
	<folder>sunflower</folder>
	<filename>2598973480_07de93e91d_n.jpg</filename>
	<path>C:\Fastwork\P6\source_image\sunflower\2598973480_07de93e91d_n.jpg</path>
	<source>
		<database>Unknown</database>
	</source>
	<size>
		<width>320</width>
		<height>240</height>
		<depth>3</depth>
	</size>
	<segmented>0</segmented>
	<object>
		<name>sunflower</name>
		<pose>Unspecified</pose>
		<truncated>0</truncated>
		<difficult>0</difficult>
		<bndbox>
			<xmin>38</xmin>
			<ymin>5</ymin>
			<xmax>108</xmax>
			<ymax>127</ymax>
		</bndbox>
	</object>
</annotation>
