<annotation>
	<folder>sunflower</folder>
	<filename>2619000556_6634478e64_n.jpg</filename>
	<path>C:\Fastwork\P6\source_image\sunflower\2619000556_6634478e64_n.jpg</path>
	<source>
		<database>Unknown</database>
	</source>
	<size>
		<width>320</width>
		<height>240</height>
		<depth>3</depth>
	</size>
	<segmented>0</segmented>
	<object>
		<name>sunflower</name>
		<pose>Unspecified</pose>
		<truncated>0</truncated>
		<difficult>0</difficult>
		<bndbox>
			<xmin>39</xmin>
			<ymin>2</ymin>
			<xmax>294</xmax>
			<ymax>185</ymax>
		</bndbox>
	</object>
</annotation>
