<annotation>
	<folder>sunflower</folder>
	<filename>265450085_6e9f276e2e.jpg</filename>
	<path>C:\Fastwork\P6\source_image\sunflower\265450085_6e9f276e2e.jpg</path>
	<source>
		<database>Unknown</database>
	</source>
	<size>
		<width>500</width>
		<height>333</height>
		<depth>3</depth>
	</size>
	<segmented>0</segmented>
	<object>
		<name>sunflower</name>
		<pose>Unspecified</pose>
		<truncated>0</truncated>
		<difficult>0</difficult>
		<bndbox>
			<xmin>211</xmin>
			<ymin>113</ymin>
			<xmax>309</xmax>
			<ymax>177</ymax>
		</bndbox>
	</object>
</annotation>
