<annotation>
	<folder>sunflower</folder>
	<filename>265422922_bbbde781d2_m.jpg</filename>
	<path>C:\Fastwork\P6\source_image\sunflower\265422922_bbbde781d2_m.jpg</path>
	<source>
		<database>Unknown</database>
	</source>
	<size>
		<width>180</width>
		<height>240</height>
		<depth>3</depth>
	</size>
	<segmented>0</segmented>
	<object>
		<name>sunflower</name>
		<pose>Unspecified</pose>
		<truncated>0</truncated>
		<difficult>0</difficult>
		<bndbox>
			<xmin>60</xmin>
			<ymin>125</ymin>
			<xmax>141</xmax>
			<ymax>213</ymax>
		</bndbox>
	</object>
</annotation>
