<annotation>
	<folder>sunflower</folder>
	<filename>2678588376_6ca64a4a54_n.jpg</filename>
	<path>C:\Fastwork\P6\source_image\sunflower\2678588376_6ca64a4a54_n.jpg</path>
	<source>
		<database>Unknown</database>
	</source>
	<size>
		<width>320</width>
		<height>240</height>
		<depth>3</depth>
	</size>
	<segmented>0</segmented>
	<object>
		<name>sunflower</name>
		<pose>Unspecified</pose>
		<truncated>0</truncated>
		<difficult>0</difficult>
		<bndbox>
			<xmin>86</xmin>
			<ymin>42</ymin>
			<xmax>198</xmax>
			<ymax>178</ymax>
		</bndbox>
	</object>
</annotation>
