<annotation>
	<folder>sunflower</folder>
	<filename>2689228449_e0be72cf00_n.jpg</filename>
	<path>C:\Fastwork\P6\source_image\sunflower\2689228449_e0be72cf00_n.jpg</path>
	<source>
		<database>Unknown</database>
	</source>
	<size>
		<width>320</width>
		<height>213</height>
		<depth>3</depth>
	</size>
	<segmented>0</segmented>
	<object>
		<name>sunflower</name>
		<pose>Unspecified</pose>
		<truncated>0</truncated>
		<difficult>0</difficult>
		<bndbox>
			<xmin>43</xmin>
			<ymin>23</ymin>
			<xmax>252</xmax>
			<ymax>136</ymax>
		</bndbox>
	</object>
</annotation>
