<annotation>
	<folder>sunflower</folder>
	<filename>2706736074_b0fba20b3e.jpg</filename>
	<path>C:\Fastwork\P6\source_image\sunflower\2706736074_b0fba20b3e.jpg</path>
	<source>
		<database>Unknown</database>
	</source>
	<size>
		<width>500</width>
		<height>334</height>
		<depth>3</depth>
	</size>
	<segmented>0</segmented>
	<object>
		<name>sunflower</name>
		<pose>Unspecified</pose>
		<truncated>0</truncated>
		<difficult>0</difficult>
		<bndbox>
			<xmin>14</xmin>
			<ymin>32</ymin>
			<xmax>158</xmax>
			<ymax>178</ymax>
		</bndbox>
	</object>
</annotation>
