<annotation>
	<folder>sunflower</folder>
	<filename>2706304885_4916102704_n.jpg</filename>
	<path>C:\Fastwork\P6\source_image\sunflower\2706304885_4916102704_n.jpg</path>
	<source>
		<database>Unknown</database>
	</source>
	<size>
		<width>320</width>
		<height>234</height>
		<depth>3</depth>
	</size>
	<segmented>0</segmented>
	<object>
		<name>sunflower</name>
		<pose>Unspecified</pose>
		<truncated>0</truncated>
		<difficult>0</difficult>
		<bndbox>
			<xmin>136</xmin>
			<ymin>22</ymin>
			<xmax>226</xmax>
			<ymax>91</ymax>
		</bndbox>
	</object>
</annotation>
