<annotation>
	<folder>sunflower</folder>
	<filename>2720698862_486d3ec079_m.jpg</filename>
	<path>C:\Fastwork\P6\source_image\sunflower\2720698862_486d3ec079_m.jpg</path>
	<source>
		<database>Unknown</database>
	</source>
	<size>
		<width>159</width>
		<height>240</height>
		<depth>3</depth>
	</size>
	<segmented>0</segmented>
	<object>
		<name>sunflower</name>
		<pose>Unspecified</pose>
		<truncated>0</truncated>
		<difficult>0</difficult>
		<bndbox>
			<xmin>38</xmin>
			<ymin>147</ymin>
			<xmax>93</xmax>
			<ymax>181</ymax>
		</bndbox>
	</object>
</annotation>
