<annotation>
	<folder>sunflower</folder>
	<filename>2721638730_34a9b7a78b.jpg</filename>
	<path>C:\Fastwork\P6\source_image\sunflower\2721638730_34a9b7a78b.jpg</path>
	<source>
		<database>Unknown</database>
	</source>
	<size>
		<width>500</width>
		<height>334</height>
		<depth>3</depth>
	</size>
	<segmented>0</segmented>
	<object>
		<name>sunflower</name>
		<pose>Unspecified</pose>
		<truncated>0</truncated>
		<difficult>0</difficult>
		<bndbox>
			<xmin>46</xmin>
			<ymin>61</ymin>
			<xmax>288</xmax>
			<ymax>284</ymax>
		</bndbox>
	</object>
</annotation>
