<annotation>
	<folder>sunflower</folder>
	<filename>2723995667_31f32294b4.jpg</filename>
	<path>C:\Fastwork\P6\source_image\sunflower\2723995667_31f32294b4.jpg</path>
	<source>
		<database>Unknown</database>
	</source>
	<size>
		<width>500</width>
		<height>301</height>
		<depth>3</depth>
	</size>
	<segmented>0</segmented>
	<object>
		<name>sunflower</name>
		<pose>Unspecified</pose>
		<truncated>0</truncated>
		<difficult>0</difficult>
		<bndbox>
			<xmin>180</xmin>
			<ymin>141</ymin>
			<xmax>246</xmax>
			<ymax>211</ymax>
		</bndbox>
	</object>
</annotation>
