<annotation>
	<folder>sunflower</folder>
	<filename>2729206569_9dd2b5a3ed.jpg</filename>
	<path>C:\Fastwork\P6\source_image\sunflower\2729206569_9dd2b5a3ed.jpg</path>
	<source>
		<database>Unknown</database>
	</source>
	<size>
		<width>500</width>
		<height>333</height>
		<depth>3</depth>
	</size>
	<segmented>0</segmented>
	<object>
		<name>sunflower</name>
		<pose>Unspecified</pose>
		<truncated>0</truncated>
		<difficult>0</difficult>
		<bndbox>
			<xmin>449</xmin>
			<ymin>180</ymin>
			<xmax>499</xmax>
			<ymax>230</ymax>
		</bndbox>
	</object>
</annotation>
