<annotation>
	<folder>sunflower</folder>
	<filename>27465811_9477c9d044.jpg</filename>
	<path>C:\Fastwork\P6\source_image\sunflower\27465811_9477c9d044.jpg</path>
	<source>
		<database>Unknown</database>
	</source>
	<size>
		<width>500</width>
		<height>375</height>
		<depth>3</depth>
	</size>
	<segmented>0</segmented>
	<object>
		<name>sunflower</name>
		<pose>Unspecified</pose>
		<truncated>0</truncated>
		<difficult>0</difficult>
		<bndbox>
			<xmin>6</xmin>
			<ymin>5</ymin>
			<xmax>308</xmax>
			<ymax>364</ymax>
		</bndbox>
	</object>
</annotation>
