<annotation>
	<folder>sunflower</folder>
	<filename>274848710_5185cf33b1_n.jpg</filename>
	<path>C:\Fastwork\P6\source_image\sunflower\274848710_5185cf33b1_n.jpg</path>
	<source>
		<database>Unknown</database>
	</source>
	<size>
		<width>320</width>
		<height>240</height>
		<depth>3</depth>
	</size>
	<segmented>0</segmented>
	<object>
		<name>sunflower</name>
		<pose>Unspecified</pose>
		<truncated>0</truncated>
		<difficult>0</difficult>
		<bndbox>
			<xmin>25</xmin>
			<ymin>5</ymin>
			<xmax>206</xmax>
			<ymax>197</ymax>
		</bndbox>
	</object>
</annotation>
