<annotation>
	<folder>sunflower</folder>
	<filename>2759796022_55bd47bfa2_n.jpg</filename>
	<path>C:\Fastwork\P6\source_image\sunflower\2759796022_55bd47bfa2_n.jpg</path>
	<source>
		<database>Unknown</database>
	</source>
	<size>
		<width>320</width>
		<height>278</height>
		<depth>3</depth>
	</size>
	<segmented>0</segmented>
	<object>
		<name>sunflower</name>
		<pose>Unspecified</pose>
		<truncated>0</truncated>
		<difficult>0</difficult>
		<bndbox>
			<xmin>33</xmin>
			<ymin>133</ymin>
			<xmax>109</xmax>
			<ymax>218</ymax>
		</bndbox>
	</object>
</annotation>
