<annotation>
	<folder>sunflower</folder>
	<filename>2767658405_1e2043f44c_n.jpg</filename>
	<path>C:\Fastwork\P6\source_image\sunflower\2767658405_1e2043f44c_n.jpg</path>
	<source>
		<database>Unknown</database>
	</source>
	<size>
		<width>320</width>
		<height>213</height>
		<depth>3</depth>
	</size>
	<segmented>0</segmented>
	<object>
		<name>sunflower</name>
		<pose>Unspecified</pose>
		<truncated>0</truncated>
		<difficult>0</difficult>
		<bndbox>
			<xmin>4</xmin>
			<ymin>103</ymin>
			<xmax>123</xmax>
			<ymax>210</ymax>
		</bndbox>
	</object>
</annotation>
