<annotation>
	<folder>sunflower</folder>
	<filename>2767688889_b176b0c3fb.jpg</filename>
	<path>C:\Fastwork\P6\source_image\sunflower\2767688889_b176b0c3fb.jpg</path>
	<source>
		<database>Unknown</database>
	</source>
	<size>
		<width>500</width>
		<height>334</height>
		<depth>3</depth>
	</size>
	<segmented>0</segmented>
	<object>
		<name>sunflower</name>
		<pose>Unspecified</pose>
		<truncated>1</truncated>
		<difficult>0</difficult>
		<bndbox>
			<xmin>6</xmin>
			<ymin>5</ymin>
			<xmax>500</xmax>
			<ymax>334</ymax>
		</bndbox>
	</object>
</annotation>
