<annotation>
	<folder>tulip</folder>
	<filename>2785458179_9130812eef_m.jpg</filename>
	<path>C:\Fastwork\P6\source_image\tulip\2785458179_9130812eef_m.jpg</path>
	<source>
		<database>Unknown</database>
	</source>
	<size>
		<width>216</width>
		<height>240</height>
		<depth>3</depth>
	</size>
	<segmented>0</segmented>
	<object>
		<name>tulip</name>
		<pose>Unspecified</pose>
		<truncated>0</truncated>
		<difficult>0</difficult>
		<bndbox>
			<xmin>29</xmin>
			<ymin>21</ymin>
			<xmax>199</xmax>
			<ymax>172</ymax>
		</bndbox>
	</object>
</annotation>
