<annotation>
	<folder>sunflower</folder>
	<filename>2803725948_5fd1f2fc99_n.jpg</filename>
	<path>C:\Fastwork\P6\source_image\sunflower\2803725948_5fd1f2fc99_n.jpg</path>
	<source>
		<database>Unknown</database>
	</source>
	<size>
		<width>320</width>
		<height>239</height>
		<depth>3</depth>
	</size>
	<segmented>0</segmented>
	<object>
		<name>sunflower</name>
		<pose>Unspecified</pose>
		<truncated>0</truncated>
		<difficult>0</difficult>
		<bndbox>
			<xmin>194</xmin>
			<ymin>140</ymin>
			<xmax>244</xmax>
			<ymax>171</ymax>
		</bndbox>
	</object>
</annotation>
