<annotation>
	<folder>tulip</folder>
	<filename>2813649953_2b0f20fe94_n.jpg</filename>
	<path>C:\Fastwork\P6\source_image\tulip\2813649953_2b0f20fe94_n.jpg</path>
	<source>
		<database>Unknown</database>
	</source>
	<size>
		<width>320</width>
		<height>208</height>
		<depth>3</depth>
	</size>
	<segmented>0</segmented>
	<object>
		<name>tulip</name>
		<pose>Unspecified</pose>
		<truncated>1</truncated>
		<difficult>0</difficult>
		<bndbox>
			<xmin>119</xmin>
			<ymin>27</ymin>
			<xmax>320</xmax>
			<ymax>179</ymax>
		</bndbox>
	</object>
</annotation>
