<annotation>
	<folder>sunflower</folder>
	<filename>2816503473_580306e772.jpg</filename>
	<path>C:\Fastwork\P6\source_image\sunflower\2816503473_580306e772.jpg</path>
	<source>
		<database>Unknown</database>
	</source>
	<size>
		<width>500</width>
		<height>375</height>
		<depth>3</depth>
	</size>
	<segmented>0</segmented>
	<object>
		<name>sunflower</name>
		<pose>Unspecified</pose>
		<truncated>0</truncated>
		<difficult>0</difficult>
		<bndbox>
			<xmin>104</xmin>
			<ymin>208</ymin>
			<xmax>180</xmax>
			<ymax>254</ymax>
		</bndbox>
	</object>
</annotation>
