<annotation>
	<folder>sunflower</folder>
	<filename>2816256710_a2d3616fae.jpg</filename>
	<path>C:\Fastwork\P6\source_image\sunflower\2816256710_a2d3616fae.jpg</path>
	<source>
		<database>Unknown</database>
	</source>
	<size>
		<width>500</width>
		<height>376</height>
		<depth>3</depth>
	</size>
	<segmented>0</segmented>
	<object>
		<name>sunflower</name>
		<pose>Unspecified</pose>
		<truncated>0</truncated>
		<difficult>0</difficult>
		<bndbox>
			<xmin>296</xmin>
			<ymin>97</ymin>
			<xmax>473</xmax>
			<ymax>259</ymax>
		</bndbox>
	</object>
</annotation>
