<annotation>
	<folder>sunflower</folder>
	<filename>2823659190_afdabee45c.jpg</filename>
	<path>C:\Fastwork\P6\source_image\sunflower\2823659190_afdabee45c.jpg</path>
	<source>
		<database>Unknown</database>
	</source>
	<size>
		<width>500</width>
		<height>335</height>
		<depth>3</depth>
	</size>
	<segmented>0</segmented>
	<object>
		<name>sunflower</name>
		<pose>Unspecified</pose>
		<truncated>0</truncated>
		<difficult>0</difficult>
		<bndbox>
			<xmin>284</xmin>
			<ymin>147</ymin>
			<xmax>370</xmax>
			<ymax>235</ymax>
		</bndbox>
	</object>
</annotation>
