<annotation>
	<folder>sunflower</folder>
	<filename>2883115609_5a69357b5d_m.jpg</filename>
	<path>C:\Fastwork\P6\source_image\sunflower\2883115609_5a69357b5d_m.jpg</path>
	<source>
		<database>Unknown</database>
	</source>
	<size>
		<width>176</width>
		<height>240</height>
		<depth>3</depth>
	</size>
	<segmented>0</segmented>
	<object>
		<name>sunflower</name>
		<pose>Unspecified</pose>
		<truncated>0</truncated>
		<difficult>0</difficult>
		<bndbox>
			<xmin>74</xmin>
			<ymin>107</ymin>
			<xmax>170</xmax>
			<ymax>177</ymax>
		</bndbox>
	</object>
</annotation>
