<annotation>
	<folder>sunflower</folder>
	<filename>2894191705_a1d2d80c80.jpg</filename>
	<path>C:\Fastwork\P6\source_image\sunflower\2894191705_a1d2d80c80.jpg</path>
	<source>
		<database>Unknown</database>
	</source>
	<size>
		<width>500</width>
		<height>332</height>
		<depth>3</depth>
	</size>
	<segmented>0</segmented>
	<object>
		<name>sunflower</name>
		<pose>Unspecified</pose>
		<truncated>0</truncated>
		<difficult>0</difficult>
		<bndbox>
			<xmin>112</xmin>
			<ymin>51</ymin>
			<xmax>327</xmax>
			<ymax>246</ymax>
		</bndbox>
	</object>
</annotation>
