<annotation>
	<folder>sunflower</folder>
	<filename>2895404754_6d9f9416d7_n.jpg</filename>
	<path>C:\Fastwork\P6\source_image\sunflower\2895404754_6d9f9416d7_n.jpg</path>
	<source>
		<database>Unknown</database>
	</source>
	<size>
		<width>320</width>
		<height>213</height>
		<depth>3</depth>
	</size>
	<segmented>0</segmented>
	<object>
		<name>sunflower</name>
		<pose>Unspecified</pose>
		<truncated>1</truncated>
		<difficult>0</difficult>
		<bndbox>
			<xmin>50</xmin>
			<ymin>80</ymin>
			<xmax>202</xmax>
			<ymax>213</ymax>
		</bndbox>
	</object>
</annotation>
