<annotation>
	<folder>sunflower</folder>
	<filename>2927020075_54c9186797_n.jpg</filename>
	<path>C:\Fastwork\P6\source_image\sunflower\2927020075_54c9186797_n.jpg</path>
	<source>
		<database>Unknown</database>
	</source>
	<size>
		<width>320</width>
		<height>240</height>
		<depth>3</depth>
	</size>
	<segmented>0</segmented>
	<object>
		<name>sunflower</name>
		<pose>Unspecified</pose>
		<truncated>0</truncated>
		<difficult>0</difficult>
		<bndbox>
			<xmin>9</xmin>
			<ymin>2</ymin>
			<xmax>318</xmax>
			<ymax>238</ymax>
		</bndbox>
	</object>
</annotation>
