<annotation>
	<folder>tulip</folder>
	<filename>2936181186_38ff43492e.jpg</filename>
	<path>C:\Fastwork\P6\source_image\tulip\2936181186_38ff43492e.jpg</path>
	<source>
		<database>Unknown</database>
	</source>
	<size>
		<width>500</width>
		<height>375</height>
		<depth>3</depth>
	</size>
	<segmented>0</segmented>
	<object>
		<name>tulip</name>
		<pose>Unspecified</pose>
		<truncated>0</truncated>
		<difficult>0</difficult>
		<bndbox>
			<xmin>256</xmin>
			<ymin>222</ymin>
			<xmax>356</xmax>
			<ymax>309</ymax>
		</bndbox>
	</object>
</annotation>
