<annotation>
	<folder>sunflower</folder>
	<filename>2944298800_1984bd4f8a_m.jpg</filename>
	<path>C:\Fastwork\P6\source_image\sunflower\2944298800_1984bd4f8a_m.jpg</path>
	<source>
		<database>Unknown</database>
	</source>
	<size>
		<width>180</width>
		<height>240</height>
		<depth>3</depth>
	</size>
	<segmented>0</segmented>
	<object>
		<name>sunflower</name>
		<pose>Unspecified</pose>
		<truncated>1</truncated>
		<difficult>0</difficult>
		<bndbox>
			<xmin>1</xmin>
			<ymin>8</ymin>
			<xmax>112</xmax>
			<ymax>121</ymax>
		</bndbox>
	</object>
</annotation>
