<annotation>
	<folder>sunflower</folder>
	<filename>2949654221_909b0c86a1_n.jpg</filename>
	<path>C:\Fastwork\P6\source_image\sunflower\2949654221_909b0c86a1_n.jpg</path>
	<source>
		<database>Unknown</database>
	</source>
	<size>
		<width>320</width>
		<height>240</height>
		<depth>3</depth>
	</size>
	<segmented>0</segmented>
	<object>
		<name>sunflower</name>
		<pose>Unspecified</pose>
		<truncated>0</truncated>
		<difficult>0</difficult>
		<bndbox>
			<xmin>67</xmin>
			<ymin>83</ymin>
			<xmax>165</xmax>
			<ymax>161</ymax>
		</bndbox>
	</object>
</annotation>
