<annotation>
	<folder>sunflower</folder>
	<filename>2950505226_529e013bf7_m.jpg</filename>
	<path>C:\Fastwork\P6\source_image\sunflower\2950505226_529e013bf7_m.jpg</path>
	<source>
		<database>Unknown</database>
	</source>
	<size>
		<width>240</width>
		<height>219</height>
		<depth>3</depth>
	</size>
	<segmented>0</segmented>
	<object>
		<name>sunflower</name>
		<pose>Unspecified</pose>
		<truncated>0</truncated>
		<difficult>0</difficult>
		<bndbox>
			<xmin>40</xmin>
			<ymin>48</ymin>
			<xmax>161</xmax>
			<ymax>156</ymax>
		</bndbox>
	</object>
</annotation>
