<annotation>
	<folder>sunflower</folder>
	<filename>2979297519_17a08b37f6_m.jpg</filename>
	<path>C:\Fastwork\P6\source_image\sunflower\2979297519_17a08b37f6_m.jpg</path>
	<source>
		<database>Unknown</database>
	</source>
	<size>
		<width>166</width>
		<height>240</height>
		<depth>3</depth>
	</size>
	<segmented>0</segmented>
	<object>
		<name>sunflower</name>
		<pose>Unspecified</pose>
		<truncated>0</truncated>
		<difficult>0</difficult>
		<bndbox>
			<xmin>50</xmin>
			<ymin>146</ymin>
			<xmax>86</xmax>
			<ymax>189</ymax>
		</bndbox>
	</object>
</annotation>
