<annotation>
	<folder>sunflower</folder>
	<filename>2979133707_84aab35b5d.jpg</filename>
	<path>C:\Fastwork\P6\source_image\sunflower\2979133707_84aab35b5d.jpg</path>
	<source>
		<database>Unknown</database>
	</source>
	<size>
		<width>500</width>
		<height>325</height>
		<depth>3</depth>
	</size>
	<segmented>0</segmented>
	<object>
		<name>sunflower</name>
		<pose>Unspecified</pose>
		<truncated>0</truncated>
		<difficult>0</difficult>
		<bndbox>
			<xmin>281</xmin>
			<ymin>143</ymin>
			<xmax>353</xmax>
			<ymax>225</ymax>
		</bndbox>
	</object>
</annotation>
