<annotation>
	<folder>sunflower</folder>
	<filename>2980154410_bffd7a3452_n.jpg</filename>
	<path>C:\Fastwork\P6\source_image\sunflower\2980154410_bffd7a3452_n.jpg</path>
	<source>
		<database>Unknown</database>
	</source>
	<size>
		<width>320</width>
		<height>208</height>
		<depth>3</depth>
	</size>
	<segmented>0</segmented>
	<object>
		<name>sunflower</name>
		<pose>Unspecified</pose>
		<truncated>1</truncated>
		<difficult>0</difficult>
		<bndbox>
			<xmin>201</xmin>
			<ymin>158</ymin>
			<xmax>291</xmax>
			<ymax>208</ymax>
		</bndbox>
	</object>
</annotation>
