<annotation>
	<folder>sunflower</folder>
	<filename>2996573407_5e473b9359.jpg</filename>
	<path>C:\Fastwork\P6\source_image\sunflower\2996573407_5e473b9359.jpg</path>
	<source>
		<database>Unknown</database>
	</source>
	<size>
		<width>500</width>
		<height>333</height>
		<depth>3</depth>
	</size>
	<segmented>0</segmented>
	<object>
		<name>sunflower</name>
		<pose>Unspecified</pose>
		<truncated>1</truncated>
		<difficult>0</difficult>
		<bndbox>
			<xmin>137</xmin>
			<ymin>1</ymin>
			<xmax>487</xmax>
			<ymax>235</ymax>
		</bndbox>
	</object>
</annotation>
