<annotation>
	<folder>sunflower</folder>
	<filename>29972905_4cc537ff4b_n.jpg</filename>
	<path>C:\Fastwork\P6\source_image\sunflower\29972905_4cc537ff4b_n.jpg</path>
	<source>
		<database>Unknown</database>
	</source>
	<size>
		<width>320</width>
		<height>239</height>
		<depth>3</depth>
	</size>
	<segmented>0</segmented>
	<object>
		<name>sunflower</name>
		<pose>Unspecified</pose>
		<truncated>0</truncated>
		<difficult>0</difficult>
		<bndbox>
			<xmin>127</xmin>
			<ymin>136</ymin>
			<xmax>240</xmax>
			<ymax>227</ymax>
		</bndbox>
	</object>
</annotation>
