<annotation>
	<folder>sunflower</folder>
	<filename>3001533700_1c62fb8b4a_n.jpg</filename>
	<path>C:\Fastwork\P6\source_image\sunflower\3001533700_1c62fb8b4a_n.jpg</path>
	<source>
		<database>Unknown</database>
	</source>
	<size>
		<width>320</width>
		<height>240</height>
		<depth>3</depth>
	</size>
	<segmented>0</segmented>
	<object>
		<name>sunflower</name>
		<pose>Unspecified</pose>
		<truncated>0</truncated>
		<difficult>0</difficult>
		<bndbox>
			<xmin>50</xmin>
			<ymin>12</ymin>
			<xmax>271</xmax>
			<ymax>233</ymax>
		</bndbox>
	</object>
</annotation>
