<annotation>
	<folder>tulip</folder>
	<filename>3002863623_cd83d6e634.jpg</filename>
	<path>C:\Fastwork\P6\source_image\tulip\3002863623_cd83d6e634.jpg</path>
	<source>
		<database>Unknown</database>
	</source>
	<size>
		<width>500</width>
		<height>375</height>
		<depth>3</depth>
	</size>
	<segmented>0</segmented>
	<object>
		<name>tulip</name>
		<pose>Unspecified</pose>
		<truncated>0</truncated>
		<difficult>0</difficult>
		<bndbox>
			<xmin>285</xmin>
			<ymin>123</ymin>
			<xmax>460</xmax>
			<ymax>311</ymax>
		</bndbox>
	</object>
</annotation>
