<annotation>
	<folder>tulip</folder>
	<filename>3011223301_09b4e3edb7.jpg</filename>
	<path>C:\Fastwork\P6\source_image\tulip\3011223301_09b4e3edb7.jpg</path>
	<source>
		<database>Unknown</database>
	</source>
	<size>
		<width>500</width>
		<height>333</height>
		<depth>3</depth>
	</size>
	<segmented>0</segmented>
	<object>
		<name>tulip</name>
		<pose>Unspecified</pose>
		<truncated>0</truncated>
		<difficult>0</difficult>
		<bndbox>
			<xmin>301</xmin>
			<ymin>48</ymin>
			<xmax>414</xmax>
			<ymax>166</ymax>
		</bndbox>
	</object>
</annotation>
