<annotation>
	<folder>tulip</folder>
	<filename>303858799_942b9c09e7_m.jpg</filename>
	<path>C:\Fastwork\P6\source_image\tulip\303858799_942b9c09e7_m.jpg</path>
	<source>
		<database>Unknown</database>
	</source>
	<size>
		<width>180</width>
		<height>240</height>
		<depth>3</depth>
	</size>
	<segmented>0</segmented>
	<object>
		<name>tulip</name>
		<pose>Unspecified</pose>
		<truncated>1</truncated>
		<difficult>0</difficult>
		<bndbox>
			<xmin>1</xmin>
			<ymin>60</ymin>
			<xmax>73</xmax>
			<ymax>210</ymax>
		</bndbox>
	</object>
</annotation>
