<annotation>
	<folder>sunflower</folder>
	<filename>3062794421_295f8c2c4e.jpg</filename>
	<path>C:\Fastwork\P6\source_image\sunflower\3062794421_295f8c2c4e.jpg</path>
	<source>
		<database>Unknown</database>
	</source>
	<size>
		<width>500</width>
		<height>319</height>
		<depth>3</depth>
	</size>
	<segmented>0</segmented>
	<object>
		<name>sunflower</name>
		<pose>Unspecified</pose>
		<truncated>0</truncated>
		<difficult>0</difficult>
		<bndbox>
			<xmin>120</xmin>
			<ymin>86</ymin>
			<xmax>358</xmax>
			<ymax>312</ymax>
		</bndbox>
	</object>
</annotation>
