<annotation>
	<folder>sunflower</folder>
	<filename>310380634_60e6c79989.jpg</filename>
	<path>C:\Fastwork\P6\source_image\sunflower\310380634_60e6c79989.jpg</path>
	<source>
		<database>Unknown</database>
	</source>
	<size>
		<width>500</width>
		<height>334</height>
		<depth>3</depth>
	</size>
	<segmented>0</segmented>
	<object>
		<name>sunflower</name>
		<pose>Unspecified</pose>
		<truncated>0</truncated>
		<difficult>0</difficult>
		<bndbox>
			<xmin>281</xmin>
			<ymin>99</ymin>
			<xmax>365</xmax>
			<ymax>220</ymax>
		</bndbox>
	</object>
</annotation>
