<annotation>
	<folder>sunflower</folder>
	<filename>3146795631_d062f233c1.jpg</filename>
	<path>C:\Fastwork\P6\source_image\sunflower\3146795631_d062f233c1.jpg</path>
	<source>
		<database>Unknown</database>
	</source>
	<size>
		<width>500</width>
		<height>333</height>
		<depth>3</depth>
	</size>
	<segmented>0</segmented>
	<object>
		<name>sunflower</name>
		<pose>Unspecified</pose>
		<truncated>0</truncated>
		<difficult>0</difficult>
		<bndbox>
			<xmin>232</xmin>
			<ymin>43</ymin>
			<xmax>337</xmax>
			<ymax>175</ymax>
		</bndbox>
	</object>
</annotation>
