<annotation>
	<folder>tulip</folder>
	<filename>3150964108_24dbec4b23_m.jpg</filename>
	<path>C:\Fastwork\P6\source_image\tulip\3150964108_24dbec4b23_m.jpg</path>
	<source>
		<database>Unknown</database>
	</source>
	<size>
		<width>240</width>
		<height>240</height>
		<depth>3</depth>
	</size>
	<segmented>0</segmented>
	<object>
		<name>tulip</name>
		<pose>Unspecified</pose>
		<truncated>1</truncated>
		<difficult>0</difficult>
		<bndbox>
			<xmin>2</xmin>
			<ymin>96</ymin>
			<xmax>213</xmax>
			<ymax>240</ymax>
		</bndbox>
	</object>
</annotation>
