<annotation>
	<folder>sunflower</folder>
	<filename>3154932076_eff5c38231_n.jpg</filename>
	<path>C:\Fastwork\P6\source_image\sunflower\3154932076_eff5c38231_n.jpg</path>
	<source>
		<database>Unknown</database>
	</source>
	<size>
		<width>320</width>
		<height>213</height>
		<depth>3</depth>
	</size>
	<segmented>0</segmented>
	<object>
		<name>sunflower</name>
		<pose>Unspecified</pose>
		<truncated>1</truncated>
		<difficult>0</difficult>
		<bndbox>
			<xmin>21</xmin>
			<ymin>1</ymin>
			<xmax>292</xmax>
			<ymax>213</ymax>
		</bndbox>
	</object>
</annotation>
