<annotation>
	<folder>tulip</folder>
	<filename>3186520634_30e1c67aa5_n.jpg</filename>
	<path>C:\Fastwork\P6\source_image\tulip\3186520634_30e1c67aa5_n.jpg</path>
	<source>
		<database>Unknown</database>
	</source>
	<size>
		<width>320</width>
		<height>278</height>
		<depth>3</depth>
	</size>
	<segmented>0</segmented>
	<object>
		<name>tulip</name>
		<pose>Unspecified</pose>
		<truncated>0</truncated>
		<difficult>0</difficult>
		<bndbox>
			<xmin>115</xmin>
			<ymin>34</ymin>
			<xmax>283</xmax>
			<ymax>239</ymax>
		</bndbox>
	</object>
</annotation>
