<annotation>
	<folder>sunflower</folder>
	<filename>3196753837_411b03682d_n.jpg</filename>
	<path>C:\Fastwork\P6\source_image\sunflower\3196753837_411b03682d_n.jpg</path>
	<source>
		<database>Unknown</database>
	</source>
	<size>
		<width>320</width>
		<height>225</height>
		<depth>3</depth>
	</size>
	<segmented>0</segmented>
	<object>
		<name>sunflower</name>
		<pose>Unspecified</pose>
		<truncated>0</truncated>
		<difficult>0</difficult>
		<bndbox>
			<xmin>130</xmin>
			<ymin>49</ymin>
			<xmax>217</xmax>
			<ymax>127</ymax>
		</bndbox>
	</object>
</annotation>
