<annotation>
	<folder>tulip</folder>
	<filename>3210019014_1bbd8bff20_n.jpg</filename>
	<path>C:\Fastwork\P6\source_image\tulip\3210019014_1bbd8bff20_n.jpg</path>
	<source>
		<database>Unknown</database>
	</source>
	<size>
		<width>320</width>
		<height>239</height>
		<depth>3</depth>
	</size>
	<segmented>0</segmented>
	<object>
		<name>tulip</name>
		<pose>Unspecified</pose>
		<truncated>0</truncated>
		<difficult>0</difficult>
		<bndbox>
			<xmin>65</xmin>
			<ymin>84</ymin>
			<xmax>201</xmax>
			<ymax>237</ymax>
		</bndbox>
	</object>
</annotation>
