<annotation>
	<folder>tulip</folder>
	<filename>3213012716_b4c0f7db88.jpg</filename>
	<path>C:\Fastwork\P6\source_image\tulip\3213012716_b4c0f7db88.jpg</path>
	<source>
		<database>Unknown</database>
	</source>
	<size>
		<width>500</width>
		<height>332</height>
		<depth>3</depth>
	</size>
	<segmented>0</segmented>
	<object>
		<name>tulip</name>
		<pose>Unspecified</pose>
		<truncated>0</truncated>
		<difficult>0</difficult>
		<bndbox>
			<xmin>205</xmin>
			<ymin>99</ymin>
			<xmax>444</xmax>
			<ymax>306</ymax>
		</bndbox>
	</object>
</annotation>
