<annotation>
	<folder>tulip</folder>
	<filename>3238068295_b2a7b17f48_n.jpg</filename>
	<path>C:\Fastwork\P6\source_image\tulip\3238068295_b2a7b17f48_n.jpg</path>
	<source>
		<database>Unknown</database>
	</source>
	<size>
		<width>320</width>
		<height>240</height>
		<depth>3</depth>
	</size>
	<segmented>0</segmented>
	<object>
		<name>tulip</name>
		<pose>Unspecified</pose>
		<truncated>0</truncated>
		<difficult>0</difficult>
		<bndbox>
			<xmin>5</xmin>
			<ymin>3</ymin>
			<xmax>206</xmax>
			<ymax>208</ymax>
		</bndbox>
	</object>
</annotation>
