<annotation>
	<folder>tulip</folder>
	<filename>3253320570_b617f7fd4b.jpg</filename>
	<path>C:\Fastwork\P6\source_image\tulip\3253320570_b617f7fd4b.jpg</path>
	<source>
		<database>Unknown</database>
	</source>
	<size>
		<width>500</width>
		<height>335</height>
		<depth>3</depth>
	</size>
	<segmented>0</segmented>
	<object>
		<name>tulip</name>
		<pose>Unspecified</pose>
		<truncated>1</truncated>
		<difficult>0</difficult>
		<bndbox>
			<xmin>195</xmin>
			<ymin>1</ymin>
			<xmax>479</xmax>
			<ymax>227</ymax>
		</bndbox>
	</object>
</annotation>
