<annotation>
	<folder>tulip</folder>
	<filename>3254533919_cb0b8af26c.jpg</filename>
	<path>C:\Fastwork\P6\source_image\tulip\3254533919_cb0b8af26c.jpg</path>
	<source>
		<database>Unknown</database>
	</source>
	<size>
		<width>500</width>
		<height>277</height>
		<depth>3</depth>
	</size>
	<segmented>0</segmented>
	<object>
		<name>tulip</name>
		<pose>Unspecified</pose>
		<truncated>0</truncated>
		<difficult>0</difficult>
		<bndbox>
			<xmin>84</xmin>
			<ymin>29</ymin>
			<xmax>266</xmax>
			<ymax>158</ymax>
		</bndbox>
	</object>
</annotation>
