<annotation>
	<folder>sunflower</folder>
	<filename>3311874685_7b9ef10f7e_m.jpg</filename>
	<path>C:\Fastwork\P6\source_image\sunflower\3311874685_7b9ef10f7e_m.jpg</path>
	<source>
		<database>Unknown</database>
	</source>
	<size>
		<width>192</width>
		<height>240</height>
		<depth>3</depth>
	</size>
	<segmented>0</segmented>
	<object>
		<name>sunflower</name>
		<pose>Unspecified</pose>
		<truncated>1</truncated>
		<difficult>0</difficult>
		<bndbox>
			<xmin>52</xmin>
			<ymin>122</ymin>
			<xmax>192</xmax>
			<ymax>203</ymax>
		</bndbox>
	</object>
</annotation>
