<annotation>
	<folder>tulip</folder>
	<filename>3396033831_bb88d93630.jpg</filename>
	<path>C:\Fastwork\P6\source_image\tulip\3396033831_bb88d93630.jpg</path>
	<source>
		<database>Unknown</database>
	</source>
	<size>
		<width>500</width>
		<height>333</height>
		<depth>3</depth>
	</size>
	<segmented>0</segmented>
	<object>
		<name>tulip</name>
		<pose>Unspecified</pose>
		<truncated>0</truncated>
		<difficult>0</difficult>
		<bndbox>
			<xmin>186</xmin>
			<ymin>120</ymin>
			<xmax>296</xmax>
			<ymax>265</ymax>
		</bndbox>
	</object>
</annotation>
