<annotation>
	<folder>tulip</folder>
	<filename>3404038663_f62cf8eba3_n.jpg</filename>
	<path>C:\Fastwork\P6\source_image\tulip\3404038663_f62cf8eba3_n.jpg</path>
	<source>
		<database>Unknown</database>
	</source>
	<size>
		<width>320</width>
		<height>240</height>
		<depth>3</depth>
	</size>
	<segmented>0</segmented>
	<object>
		<name>tulip</name>
		<pose>Unspecified</pose>
		<truncated>1</truncated>
		<difficult>0</difficult>
		<bndbox>
			<xmin>88</xmin>
			<ymin>28</ymin>
			<xmax>320</xmax>
			<ymax>239</ymax>
		</bndbox>
	</object>
</annotation>
