<annotation>
	<folder>tulip</folder>
	<filename>3422915985_9bf7264d36.jpg</filename>
	<path>C:\Fastwork\P6\source_image\tulip\3422915985_9bf7264d36.jpg</path>
	<source>
		<database>Unknown</database>
	</source>
	<size>
		<width>500</width>
		<height>388</height>
		<depth>3</depth>
	</size>
	<segmented>0</segmented>
	<object>
		<name>tulip</name>
		<pose>Unspecified</pose>
		<truncated>0</truncated>
		<difficult>0</difficult>
		<bndbox>
			<xmin>158</xmin>
			<ymin>124</ymin>
			<xmax>239</xmax>
			<ymax>242</ymax>
		</bndbox>
	</object>
</annotation>
