<annotation>
	<folder>tulip</folder>
	<filename>3430229687_32645b5738.jpg</filename>
	<path>C:\Fastwork\P6\source_image\tulip\3430229687_32645b5738.jpg</path>
	<source>
		<database>Unknown</database>
	</source>
	<size>
		<width>500</width>
		<height>333</height>
		<depth>3</depth>
	</size>
	<segmented>0</segmented>
	<object>
		<name>tulip</name>
		<pose>Unspecified</pose>
		<truncated>0</truncated>
		<difficult>0</difficult>
		<bndbox>
			<xmin>22</xmin>
			<ymin>100</ymin>
			<xmax>173</xmax>
			<ymax>245</ymax>
		</bndbox>
	</object>
</annotation>
