<annotation>
	<folder>tulip</folder>
	<filename>3433265727_0b8022e091.jpg</filename>
	<path>C:\Fastwork\P6\source_image\tulip\3433265727_0b8022e091.jpg</path>
	<source>
		<database>Unknown</database>
	</source>
	<size>
		<width>500</width>
		<height>313</height>
		<depth>3</depth>
	</size>
	<segmented>0</segmented>
	<object>
		<name>tulip</name>
		<pose>Unspecified</pose>
		<truncated>0</truncated>
		<difficult>0</difficult>
		<bndbox>
			<xmin>175</xmin>
			<ymin>15</ymin>
			<xmax>484</xmax>
			<ymax>286</ymax>
		</bndbox>
	</object>
</annotation>
