<annotation>
	<folder>tulip</folder>
	<filename>3446285408_4be9c0fded_m.jpg</filename>
	<path>C:\Fastwork\P6\source_image\tulip\3446285408_4be9c0fded_m.jpg</path>
	<source>
		<database>Unknown</database>
	</source>
	<size>
		<width>203</width>
		<height>240</height>
		<depth>3</depth>
	</size>
	<segmented>0</segmented>
	<object>
		<name>tulip</name>
		<pose>Unspecified</pose>
		<truncated>0</truncated>
		<difficult>0</difficult>
		<bndbox>
			<xmin>17</xmin>
			<ymin>28</ymin>
			<xmax>187</xmax>
			<ymax>197</ymax>
		</bndbox>
	</object>
</annotation>
