<annotation>
	<folder>tulip</folder>
	<filename>3449794006_8c289840aa.jpg</filename>
	<path>C:\Fastwork\P6\source_image\tulip\3449794006_8c289840aa.jpg</path>
	<source>
		<database>Unknown</database>
	</source>
	<size>
		<width>500</width>
		<height>334</height>
		<depth>3</depth>
	</size>
	<segmented>0</segmented>
	<object>
		<name>tulip</name>
		<pose>Unspecified</pose>
		<truncated>0</truncated>
		<difficult>0</difficult>
		<bndbox>
			<xmin>123</xmin>
			<ymin>128</ymin>
			<xmax>226</xmax>
			<ymax>240</ymax>
		</bndbox>
	</object>
</annotation>
