<annotation>
	<folder>tulip</folder>
	<filename>3454461550_64d6e726bf_m.jpg</filename>
	<path>C:\Fastwork\P6\source_image\tulip\3454461550_64d6e726bf_m.jpg</path>
	<source>
		<database>Unknown</database>
	</source>
	<size>
		<width>218</width>
		<height>240</height>
		<depth>3</depth>
	</size>
	<segmented>0</segmented>
	<object>
		<name>tulip</name>
		<pose>Unspecified</pose>
		<truncated>0</truncated>
		<difficult>0</difficult>
		<bndbox>
			<xmin>15</xmin>
			<ymin>26</ymin>
			<xmax>210</xmax>
			<ymax>221</ymax>
		</bndbox>
	</object>
</annotation>
