<annotation>
	<folder>tulip</folder>
	<filename>3455026124_d66cafb9fc.jpg</filename>
	<path>C:\Fastwork\P6\source_image\tulip\3455026124_d66cafb9fc.jpg</path>
	<source>
		<database>Unknown</database>
	</source>
	<size>
		<width>500</width>
		<height>332</height>
		<depth>3</depth>
	</size>
	<segmented>0</segmented>
	<object>
		<name>tulip</name>
		<pose>Unspecified</pose>
		<truncated>0</truncated>
		<difficult>0</difficult>
		<bndbox>
			<xmin>46</xmin>
			<ymin>104</ymin>
			<xmax>257</xmax>
			<ymax>229</ymax>
		</bndbox>
	</object>
</annotation>
