<annotation>
	<folder>tulip</folder>
	<filename>3457017604_90e4de7480_m.jpg</filename>
	<path>C:\Fastwork\P6\source_image\tulip\3457017604_90e4de7480_m.jpg</path>
	<source>
		<database>Unknown</database>
	</source>
	<size>
		<width>180</width>
		<height>240</height>
		<depth>3</depth>
	</size>
	<segmented>0</segmented>
	<object>
		<name>tulip</name>
		<pose>Unspecified</pose>
		<truncated>0</truncated>
		<difficult>0</difficult>
		<bndbox>
			<xmin>32</xmin>
			<ymin>45</ymin>
			<xmax>166</xmax>
			<ymax>138</ymax>
		</bndbox>
	</object>
</annotation>
