<annotation>
	<folder>tulip</folder>
	<filename>3474066174_8d3b3e8f97_n.jpg</filename>
	<path>C:\Fastwork\P6\source_image\tulip\3474066174_8d3b3e8f97_n.jpg</path>
	<source>
		<database>Unknown</database>
	</source>
	<size>
		<width>320</width>
		<height>213</height>
		<depth>3</depth>
	</size>
	<segmented>0</segmented>
	<object>
		<name>tulip</name>
		<pose>Unspecified</pose>
		<truncated>1</truncated>
		<difficult>0</difficult>
		<bndbox>
			<xmin>179</xmin>
			<ymin>58</ymin>
			<xmax>320</xmax>
			<ymax>170</ymax>
		</bndbox>
	</object>
</annotation>
