<annotation>
	<folder>tulip</folder>
	<filename>3476945045_97ff41e8ec_n.jpg</filename>
	<path>C:\Fastwork\P6\source_image\tulip\3476945045_97ff41e8ec_n.jpg</path>
	<source>
		<database>Unknown</database>
	</source>
	<size>
		<width>320</width>
		<height>240</height>
		<depth>3</depth>
	</size>
	<segmented>0</segmented>
	<object>
		<name>tulip</name>
		<pose>Unspecified</pose>
		<truncated>1</truncated>
		<difficult>0</difficult>
		<bndbox>
			<xmin>161</xmin>
			<ymin>194</ymin>
			<xmax>246</xmax>
			<ymax>240</ymax>
		</bndbox>
	</object>
</annotation>
