<annotation>
	<folder>tulip</folder>
	<filename>3485767306_6db7bdf536.jpg</filename>
	<path>C:\Fastwork\P6\source_image\tulip\3485767306_6db7bdf536.jpg</path>
	<source>
		<database>Unknown</database>
	</source>
	<size>
		<width>500</width>
		<height>375</height>
		<depth>3</depth>
	</size>
	<segmented>0</segmented>
	<object>
		<name>tulip</name>
		<pose>Unspecified</pose>
		<truncated>0</truncated>
		<difficult>0</difficult>
		<bndbox>
			<xmin>212</xmin>
			<ymin>256</ymin>
			<xmax>390</xmax>
			<ymax>361</ymax>
		</bndbox>
	</object>
</annotation>
