<annotation>
	<folder>tulip</folder>
	<filename>3498663243_42b39b4185_m.jpg</filename>
	<path>C:\Fastwork\P6\source_image\tulip\3498663243_42b39b4185_m.jpg</path>
	<source>
		<database>Unknown</database>
	</source>
	<size>
		<width>180</width>
		<height>240</height>
		<depth>3</depth>
	</size>
	<segmented>0</segmented>
	<object>
		<name>tulip</name>
		<pose>Unspecified</pose>
		<truncated>0</truncated>
		<difficult>0</difficult>
		<bndbox>
			<xmin>65</xmin>
			<ymin>56</ymin>
			<xmax>169</xmax>
			<ymax>142</ymax>
		</bndbox>
	</object>
</annotation>
