<annotation>
	<folder>tulip</folder>
	<filename>3501996215_1c6d1a3386_n.jpg</filename>
	<path>C:\Fastwork\P6\source_image\tulip\3501996215_1c6d1a3386_n.jpg</path>
	<source>
		<database>Unknown</database>
	</source>
	<size>
		<width>320</width>
		<height>240</height>
		<depth>3</depth>
	</size>
	<segmented>0</segmented>
	<object>
		<name>tulip</name>
		<pose>Unspecified</pose>
		<truncated>0</truncated>
		<difficult>0</difficult>
		<bndbox>
			<xmin>109</xmin>
			<ymin>93</ymin>
			<xmax>276</xmax>
			<ymax>195</ymax>
		</bndbox>
	</object>
</annotation>
