<annotation>
	<folder>tulip</folder>
	<filename>3502632842_791dd4be18_n.jpg</filename>
	<path>C:\Fastwork\P6\source_image\tulip\3502632842_791dd4be18_n.jpg</path>
	<source>
		<database>Unknown</database>
	</source>
	<size>
		<width>320</width>
		<height>240</height>
		<depth>3</depth>
	</size>
	<segmented>0</segmented>
	<object>
		<name>tulip</name>
		<pose>Unspecified</pose>
		<truncated>1</truncated>
		<difficult>0</difficult>
		<bndbox>
			<xmin>9</xmin>
			<ymin>1</ymin>
			<xmax>241</xmax>
			<ymax>198</ymax>
		</bndbox>
	</object>
</annotation>
