<annotation>
	<folder>tulip</folder>
	<filename>3502615974_ef4bd13202_n.jpg</filename>
	<path>C:\Fastwork\P6\source_image\tulip\3502615974_ef4bd13202_n.jpg</path>
	<source>
		<database>Unknown</database>
	</source>
	<size>
		<width>320</width>
		<height>240</height>
		<depth>3</depth>
	</size>
	<segmented>0</segmented>
	<object>
		<name>tulip</name>
		<pose>Unspecified</pose>
		<truncated>0</truncated>
		<difficult>0</difficult>
		<bndbox>
			<xmin>184</xmin>
			<ymin>35</ymin>
			<xmax>228</xmax>
			<ymax>76</ymax>
		</bndbox>
	</object>
</annotation>
