<annotation>
	<folder>tulip</folder>
	<filename>3502251824_3be758edc6_m.jpg</filename>
	<path>C:\Fastwork\P6\source_image\tulip\3502251824_3be758edc6_m.jpg</path>
	<source>
		<database>Unknown</database>
	</source>
	<size>
		<width>180</width>
		<height>240</height>
		<depth>3</depth>
	</size>
	<segmented>0</segmented>
	<object>
		<name>tulip</name>
		<pose>Unspecified</pose>
		<truncated>0</truncated>
		<difficult>0</difficult>
		<bndbox>
			<xmin>39</xmin>
			<ymin>43</ymin>
			<xmax>172</xmax>
			<ymax>118</ymax>
		</bndbox>
	</object>
</annotation>
