<annotation>
	<folder>tulip</folder>
	<filename>3506615859_9850830cf0.jpg</filename>
	<path>C:\Fastwork\P6\source_image\tulip\3506615859_9850830cf0.jpg</path>
	<source>
		<database>Unknown</database>
	</source>
	<size>
		<width>500</width>
		<height>316</height>
		<depth>3</depth>
	</size>
	<segmented>0</segmented>
	<object>
		<name>tulip</name>
		<pose>Unspecified</pose>
		<truncated>0</truncated>
		<difficult>0</difficult>
		<bndbox>
			<xmin>45</xmin>
			<ymin>99</ymin>
			<xmax>87</xmax>
			<ymax>148</ymax>
		</bndbox>
	</object>
</annotation>
