<annotation>
	<folder>tulip</folder>
	<filename>3510294699_bc4c72cb7d_n.jpg</filename>
	<path>C:\Fastwork\P6\source_image\tulip\3510294699_bc4c72cb7d_n.jpg</path>
	<source>
		<database>Unknown</database>
	</source>
	<size>
		<width>320</width>
		<height>240</height>
		<depth>3</depth>
	</size>
	<segmented>0</segmented>
	<object>
		<name>tulip</name>
		<pose>Unspecified</pose>
		<truncated>0</truncated>
		<difficult>0</difficult>
		<bndbox>
			<xmin>131</xmin>
			<ymin>68</ymin>
			<xmax>216</xmax>
			<ymax>176</ymax>
		</bndbox>
	</object>
</annotation>
