<annotation>
	<folder>tulip</folder>
	<filename>3510799169_0ed6ae9669_n.jpg</filename>
	<path>C:\Fastwork\P6\source_image\tulip\3510799169_0ed6ae9669_n.jpg</path>
	<source>
		<database>Unknown</database>
	</source>
	<size>
		<width>320</width>
		<height>224</height>
		<depth>3</depth>
	</size>
	<segmented>0</segmented>
	<object>
		<name>tulip</name>
		<pose>Unspecified</pose>
		<truncated>0</truncated>
		<difficult>0</difficult>
		<bndbox>
			<xmin>192</xmin>
			<ymin>15</ymin>
			<xmax>259</xmax>
			<ymax>68</ymax>
		</bndbox>
	</object>
</annotation>
