<annotation>
	<folder>tulip</folder>
	<filename>3511776685_3635087b12_n.jpg</filename>
	<path>C:\Fastwork\P6\source_image\tulip\3511776685_3635087b12_n.jpg</path>
	<source>
		<database>Unknown</database>
	</source>
	<size>
		<width>320</width>
		<height>208</height>
		<depth>3</depth>
	</size>
	<segmented>0</segmented>
	<object>
		<name>tulip</name>
		<pose>Unspecified</pose>
		<truncated>1</truncated>
		<difficult>0</difficult>
		<bndbox>
			<xmin>1</xmin>
			<ymin>49</ymin>
			<xmax>87</xmax>
			<ymax>112</ymax>
		</bndbox>
	</object>
</annotation>
