<annotation>
	<folder>tulip</folder>
	<filename>3511104954_54eace015c_n.jpg</filename>
	<path>C:\Fastwork\P6\source_image\tulip\3511104954_54eace015c_n.jpg</path>
	<source>
		<database>Unknown</database>
	</source>
	<size>
		<width>320</width>
		<height>224</height>
		<depth>3</depth>
	</size>
	<segmented>0</segmented>
	<object>
		<name>tulip</name>
		<pose>Unspecified</pose>
		<truncated>0</truncated>
		<difficult>0</difficult>
		<bndbox>
			<xmin>12</xmin>
			<ymin>4</ymin>
			<xmax>154</xmax>
			<ymax>91</ymax>
		</bndbox>
	</object>
</annotation>
