<annotation>
	<folder>sunflower</folder>
	<filename>3514340206_efb8198a80_n.jpg</filename>
	<path>C:\Fastwork\P6\source_image\sunflower\3514340206_efb8198a80_n.jpg</path>
	<source>
		<database>Unknown</database>
	</source>
	<size>
		<width>320</width>
		<height>240</height>
		<depth>3</depth>
	</size>
	<segmented>0</segmented>
	<object>
		<name>sunflower</name>
		<pose>Unspecified</pose>
		<truncated>0</truncated>
		<difficult>0</difficult>
		<bndbox>
			<xmin>14</xmin>
			<ymin>30</ymin>
			<xmax>161</xmax>
			<ymax>174</ymax>
		</bndbox>
	</object>
</annotation>
