<annotation>
	<folder>tulip</folder>
	<filename>3516269489_cef36e87a6.jpg</filename>
	<path>C:\Fastwork\P6\source_image\tulip\3516269489_cef36e87a6.jpg</path>
	<source>
		<database>Unknown</database>
	</source>
	<size>
		<width>500</width>
		<height>281</height>
		<depth>3</depth>
	</size>
	<segmented>0</segmented>
	<object>
		<name>tulip</name>
		<pose>Unspecified</pose>
		<truncated>0</truncated>
		<difficult>0</difficult>
		<bndbox>
			<xmin>119</xmin>
			<ymin>176</ymin>
			<xmax>189</xmax>
			<ymax>247</ymax>
		</bndbox>
	</object>
</annotation>
