<annotation>
	<folder>tulip</folder>
	<filename>3516271083_fba63b5861.jpg</filename>
	<path>C:\Fastwork\P6\source_image\tulip\3516271083_fba63b5861.jpg</path>
	<source>
		<database>Unknown</database>
	</source>
	<size>
		<width>500</width>
		<height>281</height>
		<depth>3</depth>
	</size>
	<segmented>0</segmented>
	<object>
		<name>tulip</name>
		<pose>Unspecified</pose>
		<truncated>0</truncated>
		<difficult>0</difficult>
		<bndbox>
			<xmin>202</xmin>
			<ymin>150</ymin>
			<xmax>303</xmax>
			<ymax>248</ymax>
		</bndbox>
	</object>
</annotation>
