<annotation>
	<folder>tulip</folder>
	<filename>3523398585_376960a611_m.jpg</filename>
	<path>C:\Fastwork\P6\source_image\tulip\3523398585_376960a611_m.jpg</path>
	<source>
		<database>Unknown</database>
	</source>
	<size>
		<width>180</width>
		<height>240</height>
		<depth>3</depth>
	</size>
	<segmented>0</segmented>
	<object>
		<name>tulip</name>
		<pose>Unspecified</pose>
		<truncated>0</truncated>
		<difficult>0</difficult>
		<bndbox>
			<xmin>34</xmin>
			<ymin>19</ymin>
			<xmax>134</xmax>
			<ymax>87</ymax>
		</bndbox>
	</object>
</annotation>
