<annotation>
	<folder>tulip</folder>
	<filename>3524204544_7233737b4f_m.jpg</filename>
	<path>C:\Fastwork\P6\source_image\tulip\3524204544_7233737b4f_m.jpg</path>
	<source>
		<database>Unknown</database>
	</source>
	<size>
		<width>180</width>
		<height>240</height>
		<depth>3</depth>
	</size>
	<segmented>0</segmented>
	<object>
		<name>tulip</name>
		<pose>Unspecified</pose>
		<truncated>1</truncated>
		<difficult>0</difficult>
		<bndbox>
			<xmin>34</xmin>
			<ymin>1</ymin>
			<xmax>160</xmax>
			<ymax>160</ymax>
		</bndbox>
	</object>
</annotation>
