<annotation>
	<folder>tulip</folder>
	<filename>3529889389_ab4cb6c43b.jpg</filename>
	<path>C:\Fastwork\P6\source_image\tulip\3529889389_ab4cb6c43b.jpg</path>
	<source>
		<database>Unknown</database>
	</source>
	<size>
		<width>500</width>
		<height>375</height>
		<depth>3</depth>
	</size>
	<segmented>0</segmented>
	<object>
		<name>tulip</name>
		<pose>Unspecified</pose>
		<truncated>0</truncated>
		<difficult>0</difficult>
		<bndbox>
			<xmin>312</xmin>
			<ymin>151</ymin>
			<xmax>491</xmax>
			<ymax>353</ymax>
		</bndbox>
	</object>
</annotation>
