<annotation>
	<folder>tulip</folder>
	<filename>3540595981_73f14d1227_n.jpg</filename>
	<path>C:\Fastwork\P6\source_image\tulip\3540595981_73f14d1227_n.jpg</path>
	<source>
		<database>Unknown</database>
	</source>
	<size>
		<width>320</width>
		<height>213</height>
		<depth>3</depth>
	</size>
	<segmented>0</segmented>
	<object>
		<name>tulip</name>
		<pose>Unspecified</pose>
		<truncated>0</truncated>
		<difficult>0</difficult>
		<bndbox>
			<xmin>147</xmin>
			<ymin>12</ymin>
			<xmax>292</xmax>
			<ymax>84</ymax>
		</bndbox>
	</object>
</annotation>
