<annotation>
	<folder>sunflower</folder>
	<filename>35477171_13cb52115c_n.jpg</filename>
	<path>C:\Fastwork\P6\source_image\sunflower\35477171_13cb52115c_n.jpg</path>
	<source>
		<database>Unknown</database>
	</source>
	<size>
		<width>320</width>
		<height>240</height>
		<depth>3</depth>
	</size>
	<segmented>0</segmented>
	<object>
		<name>sunflower</name>
		<pose>Unspecified</pose>
		<truncated>0</truncated>
		<difficult>0</difficult>
		<bndbox>
			<xmin>3</xmin>
			<ymin>9</ymin>
			<xmax>256</xmax>
			<ymax>235</ymax>
		</bndbox>
	</object>
</annotation>
