<annotation>
	<folder>rose</folder>
	<filename>3556123230_936bf084a5_n.jpg</filename>
	<path>C:\Fastwork\P6\source_image\rose\3556123230_936bf084a5_n.jpg</path>
	<source>
		<database>Unknown</database>
	</source>
	<size>
		<width>320</width>
		<height>213</height>
		<depth>3</depth>
	</size>
	<segmented>0</segmented>
	<object>
		<name>rose</name>
		<pose>Unspecified</pose>
		<truncated>0</truncated>
		<difficult>0</difficult>
		<bndbox>
			<xmin>110</xmin>
			<ymin>45</ymin>
			<xmax>274</xmax>
			<ymax>190</ymax>
		</bndbox>
	</object>
</annotation>
