<annotation>
	<folder>tulip</folder>
	<filename>3558517884_0c7ca8b862_m.jpg</filename>
	<path>C:\Fastwork\P6\source_image\tulip\3558517884_0c7ca8b862_m.jpg</path>
	<source>
		<database>Unknown</database>
	</source>
	<size>
		<width>240</width>
		<height>177</height>
		<depth>3</depth>
	</size>
	<segmented>0</segmented>
	<object>
		<name>tulip</name>
		<pose>Unspecified</pose>
		<truncated>0</truncated>
		<difficult>0</difficult>
		<bndbox>
			<xmin>98</xmin>
			<ymin>18</ymin>
			<xmax>194</xmax>
			<ymax>109</ymax>
		</bndbox>
	</object>
</annotation>
