<annotation>
	<folder>sunflower</folder>
	<filename>3568925290_faf7aec3a0.jpg</filename>
	<path>C:\Fastwork\P6\source_image\sunflower\3568925290_faf7aec3a0.jpg</path>
	<source>
		<database>Unknown</database>
	</source>
	<size>
		<width>500</width>
		<height>375</height>
		<depth>3</depth>
	</size>
	<segmented>0</segmented>
	<object>
		<name>sunflower</name>
		<pose>Unspecified</pose>
		<truncated>0</truncated>
		<difficult>0</difficult>
		<bndbox>
			<xmin>331</xmin>
			<ymin>241</ymin>
			<xmax>467</xmax>
			<ymax>373</ymax>
		</bndbox>
	</object>
</annotation>
