<annotation>
	<folder>sunflower</folder>
	<filename>3568114325_d6b1363497.jpg</filename>
	<path>C:\Fastwork\P6\source_image\sunflower\3568114325_d6b1363497.jpg</path>
	<source>
		<database>Unknown</database>
	</source>
	<size>
		<width>500</width>
		<height>375</height>
		<depth>3</depth>
	</size>
	<segmented>0</segmented>
	<object>
		<name>sunflower</name>
		<pose>Unspecified</pose>
		<truncated>0</truncated>
		<difficult>0</difficult>
		<bndbox>
			<xmin>103</xmin>
			<ymin>157</ymin>
			<xmax>233</xmax>
			<ymax>354</ymax>
		</bndbox>
	</object>
</annotation>
