<annotation>
	<folder>sunflower</folder>
	<filename>3575811488_a31714472a.jpg</filename>
	<path>C:\Fastwork\P6\source_image\sunflower\3575811488_a31714472a.jpg</path>
	<source>
		<database>Unknown</database>
	</source>
	<size>
		<width>500</width>
		<height>333</height>
		<depth>3</depth>
	</size>
	<segmented>0</segmented>
	<object>
		<name>sunflower</name>
		<pose>Unspecified</pose>
		<truncated>0</truncated>
		<difficult>0</difficult>
		<bndbox>
			<xmin>46</xmin>
			<ymin>100</ymin>
			<xmax>217</xmax>
			<ymax>282</ymax>
		</bndbox>
	</object>
</annotation>
