<annotation>
	<folder>sunflower</folder>
	<filename>3596902268_049e33a2cb_n.jpg</filename>
	<path>C:\Fastwork\P6\source_image\sunflower\3596902268_049e33a2cb_n.jpg</path>
	<source>
		<database>Unknown</database>
	</source>
	<size>
		<width>320</width>
		<height>240</height>
		<depth>3</depth>
	</size>
	<segmented>0</segmented>
	<object>
		<name>sunflower</name>
		<pose>Unspecified</pose>
		<truncated>0</truncated>
		<difficult>0</difficult>
		<bndbox>
			<xmin>79</xmin>
			<ymin>47</ymin>
			<xmax>258</xmax>
			<ymax>195</ymax>
		</bndbox>
	</object>
</annotation>
