<annotation>
	<folder>tulip</folder>
	<filename>3600510954_a51bfc5440_n.jpg</filename>
	<path>C:\Fastwork\P6\source_image\tulip\3600510954_a51bfc5440_n.jpg</path>
	<source>
		<database>Unknown</database>
	</source>
	<size>
		<width>320</width>
		<height>240</height>
		<depth>3</depth>
	</size>
	<segmented>0</segmented>
	<object>
		<name>tulip</name>
		<pose>Unspecified</pose>
		<truncated>0</truncated>
		<difficult>0</difficult>
		<bndbox>
			<xmin>139</xmin>
			<ymin>26</ymin>
			<xmax>199</xmax>
			<ymax>141</ymax>
		</bndbox>
	</object>
</annotation>
