<annotation>
	<folder>tulip</folder>
	<filename>3601085193_de1195d3d7_n.jpg</filename>
	<path>C:\Fastwork\P6\source_image\tulip\3601085193_de1195d3d7_n.jpg</path>
	<source>
		<database>Unknown</database>
	</source>
	<size>
		<width>320</width>
		<height>226</height>
		<depth>3</depth>
	</size>
	<segmented>0</segmented>
	<object>
		<name>tulip</name>
		<pose>Unspecified</pose>
		<truncated>0</truncated>
		<difficult>0</difficult>
		<bndbox>
			<xmin>179</xmin>
			<ymin>72</ymin>
			<xmax>225</xmax>
			<ymax>136</ymax>
		</bndbox>
	</object>
</annotation>
