<annotation>
	<folder>tulip</folder>
	<filename>3614805920_7a6610aa4b_n.jpg</filename>
	<path>C:\Fastwork\P6\source_image\tulip\3614805920_7a6610aa4b_n.jpg</path>
	<source>
		<database>Unknown</database>
	</source>
	<size>
		<width>320</width>
		<height>211</height>
		<depth>3</depth>
	</size>
	<segmented>0</segmented>
	<object>
		<name>tulip</name>
		<pose>Unspecified</pose>
		<truncated>0</truncated>
		<difficult>0</difficult>
		<bndbox>
			<xmin>111</xmin>
			<ymin>47</ymin>
			<xmax>199</xmax>
			<ymax>138</ymax>
		</bndbox>
	</object>
</annotation>
