<annotation>
	<folder>rose</folder>
	<filename>3621011057_0d03bd171b_n.jpg</filename>
	<path>C:\Fastwork\P6\source_image\rose\3621011057_0d03bd171b_n.jpg</path>
	<source>
		<database>Unknown</database>
	</source>
	<size>
		<width>320</width>
		<height>247</height>
		<depth>3</depth>
	</size>
	<segmented>0</segmented>
	<object>
		<name>rose</name>
		<pose>Unspecified</pose>
		<truncated>0</truncated>
		<difficult>0</difficult>
		<bndbox>
			<xmin>74</xmin>
			<ymin>35</ymin>
			<xmax>199</xmax>
			<ymax>140</ymax>
		</bndbox>
	</object>
</annotation>
