<annotation>
	<folder>tulip</folder>
	<filename>3637371174_a8dfcc1b35.jpg</filename>
	<path>C:\Fastwork\P6\source_image\tulip\3637371174_a8dfcc1b35.jpg</path>
	<source>
		<database>Unknown</database>
	</source>
	<size>
		<width>500</width>
		<height>333</height>
		<depth>3</depth>
	</size>
	<segmented>0</segmented>
	<object>
		<name>tulip</name>
		<pose>Unspecified</pose>
		<truncated>0</truncated>
		<difficult>0</difficult>
		<bndbox>
			<xmin>60</xmin>
			<ymin>11</ymin>
			<xmax>448</xmax>
			<ymax>311</ymax>
		</bndbox>
	</object>
</annotation>
