<annotation>
	<folder>rose</folder>
	<filename>3661675690_ed2d05fa5f_n.jpg</filename>
	<path>C:\Fastwork\P6\source_image\rose\3661675690_ed2d05fa5f_n.jpg</path>
	<source>
		<database>Unknown</database>
	</source>
	<size>
		<width>320</width>
		<height>245</height>
		<depth>3</depth>
	</size>
	<segmented>0</segmented>
	<object>
		<name>rose</name>
		<pose>Unspecified</pose>
		<truncated>0</truncated>
		<difficult>0</difficult>
		<bndbox>
			<xmin>48</xmin>
			<ymin>28</ymin>
			<xmax>233</xmax>
			<ymax>198</ymax>
		</bndbox>
	</object>
</annotation>
