<annotation>
	<folder>rose</folder>
	<filename>3664842094_5fd60ee26b.jpg</filename>
	<path>C:\Fastwork\P6\source_image\rose\3664842094_5fd60ee26b.jpg</path>
	<source>
		<database>Unknown</database>
	</source>
	<size>
		<width>500</width>
		<height>333</height>
		<depth>3</depth>
	</size>
	<segmented>0</segmented>
	<object>
		<name>rose</name>
		<pose>Unspecified</pose>
		<truncated>0</truncated>
		<difficult>0</difficult>
		<bndbox>
			<xmin>69</xmin>
			<ymin>8</ymin>
			<xmax>420</xmax>
			<ymax>325</ymax>
		</bndbox>
	</object>
</annotation>
