<annotation>
	<folder>sunflower</folder>
	<filename>3665455426_9cd1c3af4a_n.jpg</filename>
	<path>C:\Fastwork\P6\source_image\sunflower\3665455426_9cd1c3af4a_n.jpg</path>
	<source>
		<database>Unknown</database>
	</source>
	<size>
		<width>320</width>
		<height>213</height>
		<depth>3</depth>
	</size>
	<segmented>0</segmented>
	<object>
		<name>sunflower</name>
		<pose>Unspecified</pose>
		<truncated>0</truncated>
		<difficult>0</difficult>
		<bndbox>
			<xmin>111</xmin>
			<ymin>78</ymin>
			<xmax>197</xmax>
			<ymax>159</ymax>
		</bndbox>
	</object>
</annotation>
