<annotation>
	<folder>sunflower</folder>
	<filename>3681233294_4f06cd8903.jpg</filename>
	<path>C:\Fastwork\P6\source_image\sunflower\3681233294_4f06cd8903.jpg</path>
	<source>
		<database>Unknown</database>
	</source>
	<size>
		<width>500</width>
		<height>400</height>
		<depth>3</depth>
	</size>
	<segmented>0</segmented>
	<object>
		<name>sunflower</name>
		<pose>Unspecified</pose>
		<truncated>0</truncated>
		<difficult>0</difficult>
		<bndbox>
			<xmin>72</xmin>
			<ymin>5</ymin>
			<xmax>386</xmax>
			<ymax>327</ymax>
		</bndbox>
	</object>
</annotation>
