<annotation>
	<folder>sunflower</folder>
	<filename>3731075939_6c92d7fe68_m.jpg</filename>
	<path>C:\Fastwork\P6\source_image\sunflower\3731075939_6c92d7fe68_m.jpg</path>
	<source>
		<database>Unknown</database>
	</source>
	<size>
		<width>240</width>
		<height>192</height>
		<depth>3</depth>
	</size>
	<segmented>0</segmented>
	<object>
		<name>sunflower</name>
		<pose>Unspecified</pose>
		<truncated>0</truncated>
		<difficult>0</difficult>
		<bndbox>
			<xmin>79</xmin>
			<ymin>78</ymin>
			<xmax>192</xmax>
			<ymax>187</ymax>
		</bndbox>
	</object>
</annotation>
