<annotation>
	<folder>rose</folder>
	<filename>3742168238_d961937e68_n.jpg</filename>
	<path>C:\Fastwork\P6\source_image\rose\3742168238_d961937e68_n.jpg</path>
	<source>
		<database>Unknown</database>
	</source>
	<size>
		<width>320</width>
		<height>274</height>
		<depth>3</depth>
	</size>
	<segmented>0</segmented>
	<object>
		<name>rose</name>
		<pose>Unspecified</pose>
		<truncated>0</truncated>
		<difficult>0</difficult>
		<bndbox>
			<xmin>75</xmin>
			<ymin>42</ymin>
			<xmax>272</xmax>
			<ymax>238</ymax>
		</bndbox>
	</object>
</annotation>
