<annotation>
	<folder>rose</folder>
	<filename>3742155164_14b557a51c_n.jpg</filename>
	<path>C:\Fastwork\P6\source_image\rose\3742155164_14b557a51c_n.jpg</path>
	<source>
		<database>Unknown</database>
	</source>
	<size>
		<width>320</width>
		<height>213</height>
		<depth>3</depth>
	</size>
	<segmented>0</segmented>
	<object>
		<name>rose</name>
		<pose>Unspecified</pose>
		<truncated>0</truncated>
		<difficult>0</difficult>
		<bndbox>
			<xmin>60</xmin>
			<ymin>48</ymin>
			<xmax>192</xmax>
			<ymax>158</ymax>
		</bndbox>
	</object>
</annotation>
