<annotation>
	<folder>sunflower</folder>
	<filename>3749090865_b90f28a585_n.jpg</filename>
	<path>C:\Fastwork\P6\source_image\sunflower\3749090865_b90f28a585_n.jpg</path>
	<source>
		<database>Unknown</database>
	</source>
	<size>
		<width>320</width>
		<height>220</height>
		<depth>3</depth>
	</size>
	<segmented>0</segmented>
	<object>
		<name>sunflower</name>
		<pose>Unspecified</pose>
		<truncated>0</truncated>
		<difficult>0</difficult>
		<bndbox>
			<xmin>115</xmin>
			<ymin>25</ymin>
			<xmax>284</xmax>
			<ymax>187</ymax>
		</bndbox>
	</object>
</annotation>
