<annotation>
	<folder>sunflower</folder>
	<filename>3749091071_c146b33c74_n.jpg</filename>
	<path>C:\Fastwork\P6\source_image\sunflower\3749091071_c146b33c74_n.jpg</path>
	<source>
		<database>Unknown</database>
	</source>
	<size>
		<width>320</width>
		<height>220</height>
		<depth>3</depth>
	</size>
	<segmented>0</segmented>
	<object>
		<name>sunflower</name>
		<pose>Unspecified</pose>
		<truncated>0</truncated>
		<difficult>0</difficult>
		<bndbox>
			<xmin>27</xmin>
			<ymin>138</ymin>
			<xmax>54</xmax>
			<ymax>163</ymax>
		</bndbox>
	</object>
</annotation>
