<annotation>
	<folder>rose</folder>
	<filename>3753920123_c7ebc18ee3.jpg</filename>
	<path>C:\Fastwork\P6\source_image\rose\3753920123_c7ebc18ee3.jpg</path>
	<source>
		<database>Unknown</database>
	</source>
	<size>
		<width>500</width>
		<height>363</height>
		<depth>3</depth>
	</size>
	<segmented>0</segmented>
	<object>
		<name>rose</name>
		<pose>Unspecified</pose>
		<truncated>0</truncated>
		<difficult>0</difficult>
		<bndbox>
			<xmin>136</xmin>
			<ymin>29</ymin>
			<xmax>439</xmax>
			<ymax>339</ymax>
		</bndbox>
	</object>
</annotation>
