<annotation>
	<folder>sunflower</folder>
	<filename>3784815653_5df39aa9c2_m.jpg</filename>
	<path>C:\Fastwork\P6\source_image\sunflower\3784815653_5df39aa9c2_m.jpg</path>
	<source>
		<database>Unknown</database>
	</source>
	<size>
		<width>159</width>
		<height>240</height>
		<depth>3</depth>
	</size>
	<segmented>0</segmented>
	<object>
		<name>sunflower</name>
		<pose>Unspecified</pose>
		<truncated>0</truncated>
		<difficult>0</difficult>
		<bndbox>
			<xmin>71</xmin>
			<ymin>47</ymin>
			<xmax>105</xmax>
			<ymax>91</ymax>
		</bndbox>
	</object>
</annotation>
