<annotation>
	<folder>sunflower</folder>
	<filename>3798841385_38142ea3c6_n.jpg</filename>
	<path>C:\Fastwork\P6\source_image\sunflower\3798841385_38142ea3c6_n.jpg</path>
	<source>
		<database>Unknown</database>
	</source>
	<size>
		<width>320</width>
		<height>222</height>
		<depth>3</depth>
	</size>
	<segmented>0</segmented>
	<object>
		<name>sunflower</name>
		<pose>Unspecified</pose>
		<truncated>0</truncated>
		<difficult>0</difficult>
		<bndbox>
			<xmin>116</xmin>
			<ymin>51</ymin>
			<xmax>276</xmax>
			<ymax>212</ymax>
		</bndbox>
	</object>
</annotation>
