<annotation>
	<folder>sunflower</folder>
	<filename>3815322974_52c12dbde3.jpg</filename>
	<path>C:\Fastwork\P6\source_image\sunflower\3815322974_52c12dbde3.jpg</path>
	<source>
		<database>Unknown</database>
	</source>
	<size>
		<width>500</width>
		<height>281</height>
		<depth>3</depth>
	</size>
	<segmented>0</segmented>
	<object>
		<name>sunflower</name>
		<pose>Unspecified</pose>
		<truncated>0</truncated>
		<difficult>0</difficult>
		<bndbox>
			<xmin>271</xmin>
			<ymin>178</ymin>
			<xmax>308</xmax>
			<ymax>220</ymax>
		</bndbox>
	</object>
</annotation>
