<annotation>
	<folder>tulip</folder>
	<filename>38287568_627de6ca20.jpg</filename>
	<path>C:\Fastwork\P6\source_image\tulip\38287568_627de6ca20.jpg</path>
	<source>
		<database>Unknown</database>
	</source>
	<size>
		<width>500</width>
		<height>333</height>
		<depth>3</depth>
	</size>
	<segmented>0</segmented>
	<object>
		<name>tulip</name>
		<pose>Unspecified</pose>
		<truncated>0</truncated>
		<difficult>0</difficult>
		<bndbox>
			<xmin>160</xmin>
			<ymin>70</ymin>
			<xmax>233</xmax>
			<ymax>151</ymax>
		</bndbox>
	</object>
</annotation>
