<annotation>
	<folder>sunflower</folder>
	<filename>3832945398_96509d192b.jpg</filename>
	<path>C:\Fastwork\P6\source_image\sunflower\3832945398_96509d192b.jpg</path>
	<source>
		<database>Unknown</database>
	</source>
	<size>
		<width>500</width>
		<height>333</height>
		<depth>3</depth>
	</size>
	<segmented>0</segmented>
	<object>
		<name>sunflower</name>
		<pose>Unspecified</pose>
		<truncated>0</truncated>
		<difficult>0</difficult>
		<bndbox>
			<xmin>116</xmin>
			<ymin>26</ymin>
			<xmax>397</xmax>
			<ymax>295</ymax>
		</bndbox>
	</object>
</annotation>
