<annotation>
	<folder>sunflower</folder>
	<filename>3838274225_36010c6254_n.jpg</filename>
	<path>C:\Fastwork\P6\source_image\sunflower\3838274225_36010c6254_n.jpg</path>
	<source>
		<database>Unknown</database>
	</source>
	<size>
		<width>320</width>
		<height>213</height>
		<depth>3</depth>
	</size>
	<segmented>0</segmented>
	<object>
		<name>sunflower</name>
		<pose>Unspecified</pose>
		<truncated>0</truncated>
		<difficult>0</difficult>
		<bndbox>
			<xmin>61</xmin>
			<ymin>91</ymin>
			<xmax>91</xmax>
			<ymax>119</ymax>
		</bndbox>
	</object>
</annotation>
