<annotation>
	<folder>sunflower</folder>
	<filename>3840761441_7c648abf4d_n.jpg</filename>
	<path>C:\Fastwork\P6\source_image\sunflower\3840761441_7c648abf4d_n.jpg</path>
	<source>
		<database>Unknown</database>
	</source>
	<size>
		<width>320</width>
		<height>266</height>
		<depth>3</depth>
	</size>
	<segmented>0</segmented>
	<object>
		<name>sunflower</name>
		<pose>Unspecified</pose>
		<truncated>1</truncated>
		<difficult>0</difficult>
		<bndbox>
			<xmin>111</xmin>
			<ymin>52</ymin>
			<xmax>316</xmax>
			<ymax>266</ymax>
		</bndbox>
	</object>
</annotation>
