<annotation>
	<folder>sunflower</folder>
	<filename>3846907701_e13b66aa87.jpg</filename>
	<path>C:\Fastwork\P6\source_image\sunflower\3846907701_e13b66aa87.jpg</path>
	<source>
		<database>Unknown</database>
	</source>
	<size>
		<width>500</width>
		<height>348</height>
		<depth>3</depth>
	</size>
	<segmented>0</segmented>
	<object>
		<name>sunflower</name>
		<pose>Unspecified</pose>
		<truncated>0</truncated>
		<difficult>0</difficult>
		<bndbox>
			<xmin>100</xmin>
			<ymin>70</ymin>
			<xmax>343</xmax>
			<ymax>313</ymax>
		</bndbox>
	</object>
</annotation>
