<annotation>
	<folder>sunflower</folder>
	<filename>3846717708_ea11383ed8.jpg</filename>
	<path>C:\Fastwork\P6\source_image\sunflower\3846717708_ea11383ed8.jpg</path>
	<source>
		<database>Unknown</database>
	</source>
	<size>
		<width>500</width>
		<height>333</height>
		<depth>3</depth>
	</size>
	<segmented>0</segmented>
	<object>
		<name>sunflower</name>
		<pose>Unspecified</pose>
		<truncated>0</truncated>
		<difficult>0</difficult>
		<bndbox>
			<xmin>111</xmin>
			<ymin>134</ymin>
			<xmax>294</xmax>
			<ymax>306</ymax>
		</bndbox>
	</object>
</annotation>
