<annotation>
	<folder>sunflower</folder>
	<filename>3848405800_8eea982c40.jpg</filename>
	<path>C:\Fastwork\P6\source_image\sunflower\3848405800_8eea982c40.jpg</path>
	<source>
		<database>Unknown</database>
	</source>
	<size>
		<width>500</width>
		<height>348</height>
		<depth>3</depth>
	</size>
	<segmented>0</segmented>
	<object>
		<name>sunflower</name>
		<pose>Unspecified</pose>
		<truncated>0</truncated>
		<difficult>0</difficult>
		<bndbox>
			<xmin>169</xmin>
			<ymin>113</ymin>
			<xmax>237</xmax>
			<ymax>170</ymax>
		</bndbox>
	</object>
</annotation>
