<annotation>
	<folder>sunflower</folder>
	<filename>3858508462_db2b9692d1.jpg</filename>
	<path>C:\Fastwork\P6\source_image\sunflower\3858508462_db2b9692d1.jpg</path>
	<source>
		<database>Unknown</database>
	</source>
	<size>
		<width>500</width>
		<height>335</height>
		<depth>3</depth>
	</size>
	<segmented>0</segmented>
	<object>
		<name>sunflower</name>
		<pose>Unspecified</pose>
		<truncated>0</truncated>
		<difficult>0</difficult>
		<bndbox>
			<xmin>73</xmin>
			<ymin>204</ymin>
			<xmax>151</xmax>
			<ymax>283</ymax>
		</bndbox>
	</object>
</annotation>
