<annotation>
	<folder>sunflower</folder>
	<filename>3865206264_5d81584bba.jpg</filename>
	<path>C:\Fastwork\P6\source_image\sunflower\3865206264_5d81584bba.jpg</path>
	<source>
		<database>Unknown</database>
	</source>
	<size>
		<width>500</width>
		<height>332</height>
		<depth>3</depth>
	</size>
	<segmented>0</segmented>
	<object>
		<name>sunflower</name>
		<pose>Unspecified</pose>
		<truncated>0</truncated>
		<difficult>0</difficult>
		<bndbox>
			<xmin>81</xmin>
			<ymin>20</ymin>
			<xmax>376</xmax>
			<ymax>260</ymax>
		</bndbox>
	</object>
</annotation>
