<annotation>
	<folder>rose</folder>
	<filename>3873271620_1d9d314f01_n.jpg</filename>
	<path>C:\Fastwork\P6\source_image\rose\3873271620_1d9d314f01_n.jpg</path>
	<source>
		<database>Unknown</database>
	</source>
	<size>
		<width>320</width>
		<height>222</height>
		<depth>3</depth>
	</size>
	<segmented>0</segmented>
	<object>
		<name>rose</name>
		<pose>Unspecified</pose>
		<truncated>0</truncated>
		<difficult>0</difficult>
		<bndbox>
			<xmin>31</xmin>
			<ymin>92</ymin>
			<xmax>243</xmax>
			<ymax>214</ymax>
		</bndbox>
	</object>
</annotation>
