<annotation>
	<folder>sunflower</folder>
	<filename>3883895985_bd20198371.jpg</filename>
	<path>C:\Fastwork\P6\source_image\sunflower\3883895985_bd20198371.jpg</path>
	<source>
		<database>Unknown</database>
	</source>
	<size>
		<width>500</width>
		<height>334</height>
		<depth>3</depth>
	</size>
	<segmented>0</segmented>
	<object>
		<name>sunflower</name>
		<pose>Unspecified</pose>
		<truncated>0</truncated>
		<difficult>0</difficult>
		<bndbox>
			<xmin>277</xmin>
			<ymin>12</ymin>
			<xmax>362</xmax>
			<ymax>97</ymax>
		</bndbox>
	</object>
</annotation>
