<annotation>
	<folder>sunflower</folder>
	<filename>3884437548_ca8c36be3f_n.jpg</filename>
	<path>C:\Fastwork\P6\source_image\sunflower\3884437548_ca8c36be3f_n.jpg</path>
	<source>
		<database>Unknown</database>
	</source>
	<size>
		<width>180</width>
		<height>240</height>
		<depth>3</depth>
	</size>
	<segmented>0</segmented>
	<object>
		<name>sunflower</name>
		<pose>Unspecified</pose>
		<truncated>1</truncated>
		<difficult>0</difficult>
		<bndbox>
			<xmin>4</xmin>
			<ymin>2</ymin>
			<xmax>180</xmax>
			<ymax>201</ymax>
		</bndbox>
	</object>
</annotation>
