<annotation>
	<folder>sunflower</folder>
	<filename>3889699518_77bf85bf44_n.jpg</filename>
	<path>C:\Fastwork\P6\source_image\sunflower\3889699518_77bf85bf44_n.jpg</path>
	<source>
		<database>Unknown</database>
	</source>
	<size>
		<width>180</width>
		<height>240</height>
		<depth>3</depth>
	</size>
	<segmented>0</segmented>
	<object>
		<name>sunflower</name>
		<pose>Unspecified</pose>
		<truncated>1</truncated>
		<difficult>0</difficult>
		<bndbox>
			<xmin>1</xmin>
			<ymin>26</ymin>
			<xmax>180</xmax>
			<ymax>240</ymax>
		</bndbox>
	</object>
</annotation>
