<annotation>
	<folder>sunflower</folder>
	<filename>3889694330_6f84d123d5_n.jpg</filename>
	<path>C:\Fastwork\P6\source_image\sunflower\3889694330_6f84d123d5_n.jpg</path>
	<source>
		<database>Unknown</database>
	</source>
	<size>
		<width>240</width>
		<height>180</height>
		<depth>3</depth>
	</size>
	<segmented>0</segmented>
	<object>
		<name>sunflower</name>
		<pose>Unspecified</pose>
		<truncated>0</truncated>
		<difficult>0</difficult>
		<bndbox>
			<xmin>29</xmin>
			<ymin>25</ymin>
			<xmax>239</xmax>
			<ymax>176</ymax>
		</bndbox>
	</object>
</annotation>
