<annotation>
	<folder>sunflower</folder>
	<filename>3893436870_034b79d118_n.jpg</filename>
	<path>C:\Fastwork\P6\source_image\sunflower\3893436870_034b79d118_n.jpg</path>
	<source>
		<database>Unknown</database>
	</source>
	<size>
		<width>320</width>
		<height>247</height>
		<depth>3</depth>
	</size>
	<segmented>0</segmented>
	<object>
		<name>sunflower</name>
		<pose>Unspecified</pose>
		<truncated>0</truncated>
		<difficult>0</difficult>
		<bndbox>
			<xmin>112</xmin>
			<ymin>32</ymin>
			<xmax>287</xmax>
			<ymax>191</ymax>
		</bndbox>
	</object>
</annotation>
