<annotation>
	<folder>rose</folder>
	<filename>3903276582_fe05bf84c7_n.jpg</filename>
	<path>C:\Fastwork\P6\source_image\rose\3903276582_fe05bf84c7_n.jpg</path>
	<source>
		<database>Unknown</database>
	</source>
	<size>
		<width>320</width>
		<height>240</height>
		<depth>3</depth>
	</size>
	<segmented>0</segmented>
	<object>
		<name>rose</name>
		<pose>Unspecified</pose>
		<truncated>0</truncated>
		<difficult>0</difficult>
		<bndbox>
			<xmin>77</xmin>
			<ymin>50</ymin>
			<xmax>255</xmax>
			<ymax>223</ymax>
		</bndbox>
	</object>
</annotation>
