<annotation>
	<folder>tulip</folder>
	<filename>3909355648_42cb3a5e09_n.jpg</filename>
	<path>C:\Fastwork\P6\source_image\tulip\3909355648_42cb3a5e09_n.jpg</path>
	<source>
		<database>Unknown</database>
	</source>
	<size>
		<width>320</width>
		<height>240</height>
		<depth>3</depth>
	</size>
	<segmented>0</segmented>
	<object>
		<name>tulip</name>
		<pose>Unspecified</pose>
		<truncated>0</truncated>
		<difficult>0</difficult>
		<bndbox>
			<xmin>124</xmin>
			<ymin>52</ymin>
			<xmax>227</xmax>
			<ymax>124</ymax>
		</bndbox>
	</object>
</annotation>
