<annotation>
	<folder>rose</folder>
	<filename>3909587261_f8cd3e7fe7.jpg</filename>
	<path>C:\Fastwork\P6\source_image\rose\3909587261_f8cd3e7fe7.jpg</path>
	<source>
		<database>Unknown</database>
	</source>
	<size>
		<width>500</width>
		<height>333</height>
		<depth>3</depth>
	</size>
	<segmented>0</segmented>
	<object>
		<name>rose</name>
		<pose>Unspecified</pose>
		<truncated>0</truncated>
		<difficult>0</difficult>
		<bndbox>
			<xmin>147</xmin>
			<ymin>8</ymin>
			<xmax>486</xmax>
			<ymax>316</ymax>
		</bndbox>
	</object>
</annotation>
