<annotation>
	<folder>tulip</folder>
	<filename>391477275_7c2f50a1a7_m.jpg</filename>
	<path>C:\Fastwork\P6\source_image\tulip\391477275_7c2f50a1a7_m.jpg</path>
	<source>
		<database>Unknown</database>
	</source>
	<size>
		<width>240</width>
		<height>236</height>
		<depth>3</depth>
	</size>
	<segmented>0</segmented>
	<object>
		<name>tulip</name>
		<pose>Unspecified</pose>
		<truncated>0</truncated>
		<difficult>0</difficult>
		<bndbox>
			<xmin>97</xmin>
			<ymin>144</ymin>
			<xmax>155</xmax>
			<ymax>197</ymax>
		</bndbox>
	</object>
</annotation>
