<annotation>
	<folder>sunflower</folder>
	<filename>39271782_b4335d09ae_n.jpg</filename>
	<path>C:\Fastwork\P6\source_image\sunflower\39271782_b4335d09ae_n.jpg</path>
	<source>
		<database>Unknown</database>
	</source>
	<size>
		<width>320</width>
		<height>251</height>
		<depth>3</depth>
	</size>
	<segmented>0</segmented>
	<object>
		<name>sunflower</name>
		<pose>Unspecified</pose>
		<truncated>0</truncated>
		<difficult>0</difficult>
		<bndbox>
			<xmin>154</xmin>
			<ymin>14</ymin>
			<xmax>215</xmax>
			<ymax>123</ymax>
		</bndbox>
	</object>
</annotation>
