<annotation>
	<folder>rose</folder>
	<filename>3948347096_42261f047a_m.jpg</filename>
	<path>C:\Fastwork\P6\source_image\rose\3948347096_42261f047a_m.jpg</path>
	<source>
		<database>Unknown</database>
	</source>
	<size>
		<width>163</width>
		<height>240</height>
		<depth>3</depth>
	</size>
	<segmented>0</segmented>
	<object>
		<name>rose</name>
		<pose>Unspecified</pose>
		<truncated>0</truncated>
		<difficult>0</difficult>
		<bndbox>
			<xmin>13</xmin>
			<ymin>108</ymin>
			<xmax>124</xmax>
			<ymax>183</ymax>
		</bndbox>
	</object>
</annotation>
