<annotation>
	<folder>tulip</folder>
	<filename>3990989735_59e2751151_n.jpg</filename>
	<path>C:\Fastwork\P6\source_image\tulip\3990989735_59e2751151_n.jpg</path>
	<source>
		<database>Unknown</database>
	</source>
	<size>
		<width>320</width>
		<height>240</height>
		<depth>3</depth>
	</size>
	<segmented>0</segmented>
	<object>
		<name>tulip</name>
		<pose>Unspecified</pose>
		<truncated>0</truncated>
		<difficult>0</difficult>
		<bndbox>
			<xmin>59</xmin>
			<ymin>172</ymin>
			<xmax>102</xmax>
			<ymax>226</ymax>
		</bndbox>
	</object>
</annotation>
