<annotation>
	<folder>tulip</folder>
	<filename>3991423020_9aaf2b5974_n.jpg</filename>
	<path>C:\Fastwork\P6\source_image\tulip\3991423020_9aaf2b5974_n.jpg</path>
	<source>
		<database>Unknown</database>
	</source>
	<size>
		<width>320</width>
		<height>240</height>
		<depth>3</depth>
	</size>
	<segmented>0</segmented>
	<object>
		<name>tulip</name>
		<pose>Unspecified</pose>
		<truncated>0</truncated>
		<difficult>0</difficult>
		<bndbox>
			<xmin>103</xmin>
			<ymin>122</ymin>
			<xmax>234</xmax>
			<ymax>232</ymax>
		</bndbox>
	</object>
</annotation>
