<annotation>
	<folder>sunflower</folder>
	<filename>40410686_272bc66faf_m.jpg</filename>
	<path>C:\Fastwork\P6\source_image\sunflower\40410686_272bc66faf_m.jpg</path>
	<source>
		<database>Unknown</database>
	</source>
	<size>
		<width>180</width>
		<height>240</height>
		<depth>3</depth>
	</size>
	<segmented>0</segmented>
	<object>
		<name>sunflower</name>
		<pose>Unspecified</pose>
		<truncated>0</truncated>
		<difficult>0</difficult>
		<bndbox>
			<xmin>135</xmin>
			<ymin>35</ymin>
			<xmax>168</xmax>
			<ymax>68</ymax>
		</bndbox>
	</object>
</annotation>
