<annotation>
	<folder>tulip</folder>
	<filename>4042180234_64cd2859c9_m.jpg</filename>
	<path>C:\Fastwork\P6\source_image\tulip\4042180234_64cd2859c9_m.jpg</path>
	<source>
		<database>Unknown</database>
	</source>
	<size>
		<width>240</width>
		<height>192</height>
		<depth>3</depth>
	</size>
	<segmented>0</segmented>
	<object>
		<name>tulip</name>
		<pose>Unspecified</pose>
		<truncated>0</truncated>
		<difficult>0</difficult>
		<bndbox>
			<xmin>3</xmin>
			<ymin>18</ymin>
			<xmax>119</xmax>
			<ymax>161</ymax>
		</bndbox>
	</object>
</annotation>
