<annotation>
	<folder>tulip</folder>
	<filename>405035580_94b793e71d.jpg</filename>
	<path>C:\Fastwork\P6\source_image\tulip\405035580_94b793e71d.jpg</path>
	<source>
		<database>Unknown</database>
	</source>
	<size>
		<width>500</width>
		<height>333</height>
		<depth>3</depth>
	</size>
	<segmented>0</segmented>
	<object>
		<name>tulip</name>
		<pose>Unspecified</pose>
		<truncated>0</truncated>
		<difficult>0</difficult>
		<bndbox>
			<xmin>80</xmin>
			<ymin>106</ymin>
			<xmax>189</xmax>
			<ymax>234</ymax>
		</bndbox>
	</object>
</annotation>
