<annotation>
	<folder>rose</folder>
	<filename>4061451210_1650590c6a.jpg</filename>
	<path>C:\Fastwork\P6\source_image\rose\4061451210_1650590c6a.jpg</path>
	<source>
		<database>Unknown</database>
	</source>
	<size>
		<width>500</width>
		<height>333</height>
		<depth>3</depth>
	</size>
	<segmented>0</segmented>
	<object>
		<name>rose</name>
		<pose>Unspecified</pose>
		<truncated>0</truncated>
		<difficult>0</difficult>
		<bndbox>
			<xmin>32</xmin>
			<ymin>123</ymin>
			<xmax>339</xmax>
			<ymax>325</ymax>
		</bndbox>
	</object>
</annotation>
