<annotation>
	<folder>rose</folder>
	<filename>4065283966_9504b98269.jpg</filename>
	<path>C:\Fastwork\P6\source_image\rose\4065283966_9504b98269.jpg</path>
	<source>
		<database>Unknown</database>
	</source>
	<size>
		<width>500</width>
		<height>334</height>
		<depth>1</depth>
	</size>
	<segmented>0</segmented>
	<object>
		<name>rose</name>
		<pose>Unspecified</pose>
		<truncated>0</truncated>
		<difficult>0</difficult>
		<bndbox>
			<xmin>142</xmin>
			<ymin>20</ymin>
			<xmax>386</xmax>
			<ymax>251</ymax>
		</bndbox>
	</object>
</annotation>
