<annotation>
	<folder>rose</folder>
	<filename>4093390305_4010c736c9.jpg</filename>
	<path>C:\Fastwork\P6\source_image\rose\4093390305_4010c736c9.jpg</path>
	<source>
		<database>Unknown</database>
	</source>
	<size>
		<width>500</width>
		<height>325</height>
		<depth>3</depth>
	</size>
	<segmented>0</segmented>
	<object>
		<name>rose</name>
		<pose>Unspecified</pose>
		<truncated>0</truncated>
		<difficult>0</difficult>
		<bndbox>
			<xmin>91</xmin>
			<ymin>75</ymin>
			<xmax>422</xmax>
			<ymax>321</ymax>
		</bndbox>
	</object>
</annotation>
