<annotation>
	<folder>rose</folder>
	<filename>410421672_563550467c.jpg</filename>
	<path>C:\Fastwork\P6\source_image\rose\410421672_563550467c.jpg</path>
	<source>
		<database>Unknown</database>
	</source>
	<size>
		<width>500</width>
		<height>375</height>
		<depth>3</depth>
	</size>
	<segmented>0</segmented>
	<object>
		<name>rose</name>
		<pose>Unspecified</pose>
		<truncated>0</truncated>
		<difficult>0</difficult>
		<bndbox>
			<xmin>96</xmin>
			<ymin>80</ymin>
			<xmax>246</xmax>
			<ymax>268</ymax>
		</bndbox>
	</object>
</annotation>
