<annotation>
	<folder>tulip</folder>
	<filename>4117620896_070e5887ae_m.jpg</filename>
	<path>C:\Fastwork\P6\source_image\tulip\4117620896_070e5887ae_m.jpg</path>
	<source>
		<database>Unknown</database>
	</source>
	<size>
		<width>240</width>
		<height>240</height>
		<depth>3</depth>
	</size>
	<segmented>0</segmented>
	<object>
		<name>tulip</name>
		<pose>Unspecified</pose>
		<truncated>0</truncated>
		<difficult>0</difficult>
		<bndbox>
			<xmin>55</xmin>
			<ymin>60</ymin>
			<xmax>228</xmax>
			<ymax>182</ymax>
		</bndbox>
	</object>
</annotation>
