<annotation>
	<folder>sunflower</folder>
	<filename>417251603_69f0ee57a9_m.jpg</filename>
	<path>C:\Fastwork\P6\source_image\sunflower\417251603_69f0ee57a9_m.jpg</path>
	<source>
		<database>Unknown</database>
	</source>
	<size>
		<width>180</width>
		<height>240</height>
		<depth>3</depth>
	</size>
	<segmented>0</segmented>
	<object>
		<name>sunflower</name>
		<pose>Unspecified</pose>
		<truncated>0</truncated>
		<difficult>0</difficult>
		<bndbox>
			<xmin>75</xmin>
			<ymin>53</ymin>
			<xmax>119</xmax>
			<ymax>100</ymax>
		</bndbox>
	</object>
</annotation>
