<annotation>
	<folder>sunflower</folder>
	<filename>418056361_1dfac1c151_n.jpg</filename>
	<path>C:\Fastwork\P6\source_image\sunflower\418056361_1dfac1c151_n.jpg</path>
	<source>
		<database>Unknown</database>
	</source>
	<size>
		<width>320</width>
		<height>240</height>
		<depth>3</depth>
	</size>
	<segmented>0</segmented>
	<object>
		<name>sunflower</name>
		<pose>Unspecified</pose>
		<truncated>1</truncated>
		<difficult>0</difficult>
		<bndbox>
			<xmin>167</xmin>
			<ymin>33</ymin>
			<xmax>320</xmax>
			<ymax>197</ymax>
		</bndbox>
	</object>
</annotation>
