<annotation>
	<folder>rose</folder>
	<filename>4231745228_ece86330d9.jpg</filename>
	<path>C:\Fastwork\P6\source_image\rose\4231745228_ece86330d9.jpg</path>
	<source>
		<database>Unknown</database>
	</source>
	<size>
		<width>500</width>
		<height>340</height>
		<depth>3</depth>
	</size>
	<segmented>0</segmented>
	<object>
		<name>rose</name>
		<pose>Unspecified</pose>
		<truncated>0</truncated>
		<difficult>0</difficult>
		<bndbox>
			<xmin>229</xmin>
			<ymin>24</ymin>
			<xmax>475</xmax>
			<ymax>283</ymax>
		</bndbox>
	</object>
</annotation>
