<annotation>
	<folder>rose</folder>
	<filename>4242976586_607a8f9843_n.jpg</filename>
	<path>C:\Fastwork\P6\source_image\rose\4242976586_607a8f9843_n.jpg</path>
	<source>
		<database>Unknown</database>
	</source>
	<size>
		<width>320</width>
		<height>241</height>
		<depth>3</depth>
	</size>
	<segmented>0</segmented>
	<object>
		<name>rose</name>
		<pose>Unspecified</pose>
		<truncated>0</truncated>
		<difficult>0</difficult>
		<bndbox>
			<xmin>104</xmin>
			<ymin>98</ymin>
			<xmax>225</xmax>
			<ymax>198</ymax>
		</bndbox>
	</object>
</annotation>
