<annotation>
	<folder>rose</folder>
	<filename>4243078361_7b92a932cd_n.jpg</filename>
	<path>C:\Fastwork\P6\source_image\rose\4243078361_7b92a932cd_n.jpg</path>
	<source>
		<database>Unknown</database>
	</source>
	<size>
		<width>320</width>
		<height>216</height>
		<depth>3</depth>
	</size>
	<segmented>0</segmented>
	<object>
		<name>rose</name>
		<pose>Unspecified</pose>
		<truncated>0</truncated>
		<difficult>0</difficult>
		<bndbox>
			<xmin>145</xmin>
			<ymin>141</ymin>
			<xmax>164</xmax>
			<ymax>159</ymax>
		</bndbox>
	</object>
</annotation>
