<annotation>
	<folder>rose</folder>
	<filename>4267024012_295e7141a3_n.jpg</filename>
	<path>C:\Fastwork\P6\source_image\rose\4267024012_295e7141a3_n.jpg</path>
	<source>
		<database>Unknown</database>
	</source>
	<size>
		<width>320</width>
		<height>229</height>
		<depth>3</depth>
	</size>
	<segmented>0</segmented>
	<object>
		<name>rose</name>
		<pose>Unspecified</pose>
		<truncated>0</truncated>
		<difficult>0</difficult>
		<bndbox>
			<xmin>76</xmin>
			<ymin>18</ymin>
			<xmax>129</xmax>
			<ymax>78</ymax>
		</bndbox>
	</object>
</annotation>
