<annotation>
	<folder>rose</folder>
	<filename>4279989256_9a48c0d194_n.jpg</filename>
	<path>C:\Fastwork\P6\source_image\rose\4279989256_9a48c0d194_n.jpg</path>
	<source>
		<database>Unknown</database>
	</source>
	<size>
		<width>320</width>
		<height>240</height>
		<depth>3</depth>
	</size>
	<segmented>0</segmented>
	<object>
		<name>rose</name>
		<pose>Unspecified</pose>
		<truncated>0</truncated>
		<difficult>0</difficult>
		<bndbox>
			<xmin>64</xmin>
			<ymin>16</ymin>
			<xmax>234</xmax>
			<ymax>158</ymax>
		</bndbox>
	</object>
</annotation>
