<annotation>
	<folder>tulip</folder>
	<filename>430785322_7ddef64c68_m.jpg</filename>
	<path>C:\Fastwork\P6\source_image\tulip\430785322_7ddef64c68_m.jpg</path>
	<source>
		<database>Unknown</database>
	</source>
	<size>
		<width>240</width>
		<height>192</height>
		<depth>3</depth>
	</size>
	<segmented>0</segmented>
	<object>
		<name>tulip</name>
		<pose>Unspecified</pose>
		<truncated>0</truncated>
		<difficult>0</difficult>
		<bndbox>
			<xmin>73</xmin>
			<ymin>98</ymin>
			<xmax>135</xmax>
			<ymax>176</ymax>
		</bndbox>
	</object>
</annotation>
