<annotation>
	<folder>rose</folder>
	<filename>4325834819_ab56661dcc_m.jpg</filename>
	<path>C:\Fastwork\P6\source_image\rose\4325834819_ab56661dcc_m.jpg</path>
	<source>
		<database>Unknown</database>
	</source>
	<size>
		<width>240</width>
		<height>239</height>
		<depth>3</depth>
	</size>
	<segmented>0</segmented>
	<object>
		<name>rose</name>
		<pose>Unspecified</pose>
		<truncated>0</truncated>
		<difficult>0</difficult>
		<bndbox>
			<xmin>43</xmin>
			<ymin>54</ymin>
			<xmax>179</xmax>
			<ymax>169</ymax>
		</bndbox>
	</object>
</annotation>
