<annotation>
	<folder>tulip</folder>
	<filename>434146736_310a42d9cb_m.jpg</filename>
	<path>C:\Fastwork\P6\source_image\tulip\434146736_310a42d9cb_m.jpg</path>
	<source>
		<database>Unknown</database>
	</source>
	<size>
		<width>240</width>
		<height>240</height>
		<depth>3</depth>
	</size>
	<segmented>0</segmented>
	<object>
		<name>tulip</name>
		<pose>Unspecified</pose>
		<truncated>0</truncated>
		<difficult>0</difficult>
		<bndbox>
			<xmin>56</xmin>
			<ymin>3</ymin>
			<xmax>142</xmax>
			<ymax>138</ymax>
		</bndbox>
	</object>
</annotation>
