<annotation>
	<folder>rose</folder>
	<filename>4356781875_92c5cd93c0.jpg</filename>
	<path>C:\Fastwork\P6\source_image\rose\4356781875_92c5cd93c0.jpg</path>
	<source>
		<database>Unknown</database>
	</source>
	<size>
		<width>500</width>
		<height>333</height>
		<depth>3</depth>
	</size>
	<segmented>0</segmented>
	<object>
		<name>rose</name>
		<pose>Unspecified</pose>
		<truncated>0</truncated>
		<difficult>0</difficult>
		<bndbox>
			<xmin>26</xmin>
			<ymin>136</ymin>
			<xmax>242</xmax>
			<ymax>326</ymax>
		</bndbox>
	</object>
</annotation>
