<annotation>
	<folder>tulip</folder>
	<filename>440714501_9f8268e1b0.jpg</filename>
	<path>C:\Fastwork\P6\source_image\tulip\440714501_9f8268e1b0.jpg</path>
	<source>
		<database>Unknown</database>
	</source>
	<size>
		<width>500</width>
		<height>380</height>
		<depth>3</depth>
	</size>
	<segmented>0</segmented>
	<object>
		<name>tulip</name>
		<pose>Unspecified</pose>
		<truncated>0</truncated>
		<difficult>0</difficult>
		<bndbox>
			<xmin>22</xmin>
			<ymin>54</ymin>
			<xmax>203</xmax>
			<ymax>221</ymax>
		</bndbox>
	</object>
</annotation>
