<annotation>
	<folder>tulip</folder>
	<filename>443600168_cb08d56511.jpg</filename>
	<path>C:\Fastwork\P6\source_image\tulip\443600168_cb08d56511.jpg</path>
	<source>
		<database>Unknown</database>
	</source>
	<size>
		<width>500</width>
		<height>345</height>
		<depth>3</depth>
	</size>
	<segmented>0</segmented>
	<object>
		<name>tulip</name>
		<pose>Unspecified</pose>
		<truncated>0</truncated>
		<difficult>0</difficult>
		<bndbox>
			<xmin>97</xmin>
			<ymin>42</ymin>
			<xmax>224</xmax>
			<ymax>207</ymax>
		</bndbox>
	</object>
</annotation>
