<annotation>
	<folder>tulip</folder>
	<filename>444963906_e41492b692.jpg</filename>
	<path>C:\Fastwork\P6\source_image\tulip\444963906_e41492b692.jpg</path>
	<source>
		<database>Unknown</database>
	</source>
	<size>
		<width>500</width>
		<height>382</height>
		<depth>3</depth>
	</size>
	<segmented>0</segmented>
	<object>
		<name>tulip</name>
		<pose>Unspecified</pose>
		<truncated>0</truncated>
		<difficult>0</difficult>
		<bndbox>
			<xmin>203</xmin>
			<ymin>205</ymin>
			<xmax>342</xmax>
			<ymax>338</ymax>
		</bndbox>
	</object>
</annotation>
