<annotation>
	<folder>sunflower</folder>
	<filename>45045005_57354ee844.jpg</filename>
	<path>C:\Fastwork\P6\source_image\sunflower\45045005_57354ee844.jpg</path>
	<source>
		<database>Unknown</database>
	</source>
	<size>
		<width>500</width>
		<height>375</height>
		<depth>3</depth>
	</size>
	<segmented>0</segmented>
	<object>
		<name>sunflower</name>
		<pose>Unspecified</pose>
		<truncated>0</truncated>
		<difficult>0</difficult>
		<bndbox>
			<xmin>279</xmin>
			<ymin>109</ymin>
			<xmax>496</xmax>
			<ymax>344</ymax>
		</bndbox>
	</object>
</annotation>
