<annotation>
	<folder>tulip</folder>
	<filename>450607536_4fd9f5d17c_m.jpg</filename>
	<path>C:\Fastwork\P6\source_image\tulip\450607536_4fd9f5d17c_m.jpg</path>
	<source>
		<database>Unknown</database>
	</source>
	<size>
		<width>240</width>
		<height>218</height>
		<depth>3</depth>
	</size>
	<segmented>0</segmented>
	<object>
		<name>tulip</name>
		<pose>Unspecified</pose>
		<truncated>0</truncated>
		<difficult>0</difficult>
		<bndbox>
			<xmin>8</xmin>
			<ymin>86</ymin>
			<xmax>107</xmax>
			<ymax>163</ymax>
		</bndbox>
	</object>
</annotation>
