<annotation>
	<folder>tulip</folder>
	<filename>466409031_4c10294db5_m.jpg</filename>
	<path>C:\Fastwork\P6\source_image\tulip\466409031_4c10294db5_m.jpg</path>
	<source>
		<database>Unknown</database>
	</source>
	<size>
		<width>240</width>
		<height>221</height>
		<depth>3</depth>
	</size>
	<segmented>0</segmented>
	<object>
		<name>tulip</name>
		<pose>Unspecified</pose>
		<truncated>0</truncated>
		<difficult>0</difficult>
		<bndbox>
			<xmin>90</xmin>
			<ymin>37</ymin>
			<xmax>194</xmax>
			<ymax>163</ymax>
		</bndbox>
	</object>
</annotation>
