<annotation>
	<folder>tulip</folder>
	<filename>471298577_cc7558bcf1.jpg</filename>
	<path>C:\Fastwork\P6\source_image\tulip\471298577_cc7558bcf1.jpg</path>
	<source>
		<database>Unknown</database>
	</source>
	<size>
		<width>500</width>
		<height>407</height>
		<depth>3</depth>
	</size>
	<segmented>0</segmented>
	<object>
		<name>tulip</name>
		<pose>Unspecified</pose>
		<truncated>0</truncated>
		<difficult>0</difficult>
		<bndbox>
			<xmin>249</xmin>
			<ymin>138</ymin>
			<xmax>380</xmax>
			<ymax>288</ymax>
		</bndbox>
	</object>
</annotation>
