<annotation>
	<folder>tulip</folder>
	<filename>478765271_6a8ca1cfa1_m.jpg</filename>
	<path>C:\Fastwork\P6\source_image\tulip\478765271_6a8ca1cfa1_m.jpg</path>
	<source>
		<database>Unknown</database>
	</source>
	<size>
		<width>200</width>
		<height>240</height>
		<depth>3</depth>
	</size>
	<segmented>0</segmented>
	<object>
		<name>tulip</name>
		<pose>Unspecified</pose>
		<truncated>0</truncated>
		<difficult>0</difficult>
		<bndbox>
			<xmin>97</xmin>
			<ymin>58</ymin>
			<xmax>158</xmax>
			<ymax>116</ymax>
		</bndbox>
	</object>
</annotation>
