<annotation>
	<folder>tulip</folder>
	<filename>480228053_513791d474.jpg</filename>
	<path>C:\Fastwork\P6\source_image\tulip\480228053_513791d474.jpg</path>
	<source>
		<database>Unknown</database>
	</source>
	<size>
		<width>500</width>
		<height>368</height>
		<depth>3</depth>
	</size>
	<segmented>0</segmented>
	<object>
		<name>tulip</name>
		<pose>Unspecified</pose>
		<truncated>0</truncated>
		<difficult>0</difficult>
		<bndbox>
			<xmin>79</xmin>
			<ymin>11</ymin>
			<xmax>432</xmax>
			<ymax>344</ymax>
		</bndbox>
	</object>
</annotation>
