<annotation>
	<folder>tulip</folder>
	<filename>483880052_19fdb26a9f.jpg</filename>
	<path>C:\Fastwork\P6\source_image\tulip\483880052_19fdb26a9f.jpg</path>
	<source>
		<database>Unknown</database>
	</source>
	<size>
		<width>500</width>
		<height>375</height>
		<depth>3</depth>
	</size>
	<segmented>0</segmented>
	<object>
		<name>tulip</name>
		<pose>Unspecified</pose>
		<truncated>0</truncated>
		<difficult>0</difficult>
		<bndbox>
			<xmin>36</xmin>
			<ymin>7</ymin>
			<xmax>498</xmax>
			<ymax>351</ymax>
		</bndbox>
	</object>
</annotation>
