<annotation>
	<folder>tulip</folder>
	<filename>485266837_671def8627.jpg</filename>
	<path>C:\Fastwork\P6\source_image\tulip\485266837_671def8627.jpg</path>
	<source>
		<database>Unknown</database>
	</source>
	<size>
		<width>500</width>
		<height>333</height>
		<depth>3</depth>
	</size>
	<segmented>0</segmented>
	<object>
		<name>tulip</name>
		<pose>Unspecified</pose>
		<truncated>0</truncated>
		<difficult>0</difficult>
		<bndbox>
			<xmin>142</xmin>
			<ymin>168</ymin>
			<xmax>260</xmax>
			<ymax>298</ymax>
		</bndbox>
	</object>
</annotation>
