<annotation>
	<folder>tulip</folder>
	<filename>485415743_eeb5d7c1a5.jpg</filename>
	<path>C:\Fastwork\P6\source_image\tulip\485415743_eeb5d7c1a5.jpg</path>
	<source>
		<database>Unknown</database>
	</source>
	<size>
		<width>500</width>
		<height>333</height>
		<depth>3</depth>
	</size>
	<segmented>0</segmented>
	<object>
		<name>tulip</name>
		<pose>Unspecified</pose>
		<truncated>0</truncated>
		<difficult>0</difficult>
		<bndbox>
			<xmin>10</xmin>
			<ymin>59</ymin>
			<xmax>252</xmax>
			<ymax>291</ymax>
		</bndbox>
	</object>
</annotation>
