<annotation>
	<folder>tulip</folder>
	<filename>489506904_9b68ba211c.jpg</filename>
	<path>C:\Fastwork\P6\source_image\tulip\489506904_9b68ba211c.jpg</path>
	<source>
		<database>Unknown</database>
	</source>
	<size>
		<width>500</width>
		<height>333</height>
		<depth>3</depth>
	</size>
	<segmented>0</segmented>
	<object>
		<name>tulip</name>
		<pose>Unspecified</pose>
		<truncated>0</truncated>
		<difficult>0</difficult>
		<bndbox>
			<xmin>214</xmin>
			<ymin>3</ymin>
			<xmax>351</xmax>
			<ymax>206</ymax>
		</bndbox>
	</object>
</annotation>
