<annotation>
	<folder>tulip</folder>
	<filename>490541142_c37e2b4191_n.jpg</filename>
	<path>C:\Fastwork\P6\source_image\tulip\490541142_c37e2b4191_n.jpg</path>
	<source>
		<database>Unknown</database>
	</source>
	<size>
		<width>320</width>
		<height>240</height>
		<depth>3</depth>
	</size>
	<segmented>0</segmented>
	<object>
		<name>tulip</name>
		<pose>Unspecified</pose>
		<truncated>0</truncated>
		<difficult>0</difficult>
		<bndbox>
			<xmin>81</xmin>
			<ymin>99</ymin>
			<xmax>197</xmax>
			<ymax>180</ymax>
		</bndbox>
	</object>
</annotation>
