<annotation>
	<folder>tulip</folder>
	<filename>503770507_f397245a6a.jpg</filename>
	<path>C:\Fastwork\P6\source_image\tulip\503770507_f397245a6a.jpg</path>
	<source>
		<database>Unknown</database>
	</source>
	<size>
		<width>500</width>
		<height>342</height>
		<depth>3</depth>
	</size>
	<segmented>0</segmented>
	<object>
		<name>tulip</name>
		<pose>Unspecified</pose>
		<truncated>0</truncated>
		<difficult>0</difficult>
		<bndbox>
			<xmin>120</xmin>
			<ymin>39</ymin>
			<xmax>333</xmax>
			<ymax>179</ymax>
		</bndbox>
	</object>
</annotation>
