<annotation>
	<folder>sunflower</folder>
	<filename>50987813_7484bfbcdf.jpg</filename>
	<path>C:\Fastwork\P6\source_image\sunflower\50987813_7484bfbcdf.jpg</path>
	<source>
		<database>Unknown</database>
	</source>
	<size>
		<width>500</width>
		<height>332</height>
		<depth>3</depth>
	</size>
	<segmented>0</segmented>
	<object>
		<name>sunflower</name>
		<pose>Unspecified</pose>
		<truncated>0</truncated>
		<difficult>0</difficult>
		<bndbox>
			<xmin>124</xmin>
			<ymin>98</ymin>
			<xmax>286</xmax>
			<ymax>247</ymax>
		</bndbox>
	</object>
</annotation>
