<annotation>
	<folder>tulip</folder>
	<filename>518256494_368a72db37.jpg</filename>
	<path>C:\Fastwork\P6\source_image\tulip\518256494_368a72db37.jpg</path>
	<source>
		<database>Unknown</database>
	</source>
	<size>
		<width>500</width>
		<height>333</height>
		<depth>3</depth>
	</size>
	<segmented>0</segmented>
	<object>
		<name>tulip</name>
		<pose>Unspecified</pose>
		<truncated>0</truncated>
		<difficult>0</difficult>
		<bndbox>
			<xmin>155</xmin>
			<ymin>48</ymin>
			<xmax>360</xmax>
			<ymax>150</ymax>
		</bndbox>
	</object>
</annotation>
