<annotation>
	<folder>sunflower</folder>
	<filename>58636535_bc53ef0a21_m.jpg</filename>
	<path>C:\Fastwork\P6\source_image\sunflower\58636535_bc53ef0a21_m.jpg</path>
	<source>
		<database>Unknown</database>
	</source>
	<size>
		<width>180</width>
		<height>240</height>
		<depth>3</depth>
	</size>
	<segmented>0</segmented>
	<object>
		<name>sunflower</name>
		<pose>Unspecified</pose>
		<truncated>0</truncated>
		<difficult>0</difficult>
		<bndbox>
			<xmin>6</xmin>
			<ymin>69</ymin>
			<xmax>159</xmax>
			<ymax>200</ymax>
		</bndbox>
	</object>
</annotation>
