<annotation>
	<folder>sunflower</folder>
	<filename>678714585_addc9aaaef.jpg</filename>
	<path>C:\Fastwork\P6\source_image\sunflower\678714585_addc9aaaef.jpg</path>
	<source>
		<database>Unknown</database>
	</source>
	<size>
		<width>500</width>
		<height>400</height>
		<depth>3</depth>
	</size>
	<segmented>0</segmented>
	<object>
		<name>sunflower</name>
		<pose>Unspecified</pose>
		<truncated>0</truncated>
		<difficult>0</difficult>
		<bndbox>
			<xmin>64</xmin>
			<ymin>18</ymin>
			<xmax>433</xmax>
			<ymax>381</ymax>
		</bndbox>
	</object>
</annotation>
