<annotation>
	<folder>sunflower</folder>
	<filename>6953297_8576bf4ea3.jpg</filename>
	<path>C:\Fastwork\P6\source_image\sunflower\6953297_8576bf4ea3.jpg</path>
	<source>
		<database>Unknown</database>
	</source>
	<size>
		<width>500</width>
		<height>350</height>
		<depth>3</depth>
	</size>
	<segmented>0</segmented>
	<object>
		<name>sunflower</name>
		<pose>Unspecified</pose>
		<truncated>1</truncated>
		<difficult>0</difficult>
		<bndbox>
			<xmin>111</xmin>
			<ymin>117</ymin>
			<xmax>405</xmax>
			<ymax>350</ymax>
		</bndbox>
	</object>
</annotation>
