<annotation>
	<folder>tulip</folder>
	<filename>738207467_fc59cfcd9b_z.jpg</filename>
	<path>C:\Fastwork\P6\source_image\tulip\738207467_fc59cfcd9b_z.jpg</path>
	<source>
		<database>Unknown</database>
	</source>
	<size>
		<width>640</width>
		<height>232</height>
		<depth>3</depth>
	</size>
	<segmented>0</segmented>
	<object>
		<name>tulip</name>
		<pose>Unspecified</pose>
		<truncated>0</truncated>
		<difficult>0</difficult>
		<bndbox>
			<xmin>367</xmin>
			<ymin>20</ymin>
			<xmax>509</xmax>
			<ymax>151</ymax>
		</bndbox>
	</object>
</annotation>
