<annotation>
	<folder>sunflower</folder>
	<filename>821368661_4ab4343f5a.jpg</filename>
	<path>C:\Fastwork\P6\source_image\sunflower\821368661_4ab4343f5a.jpg</path>
	<source>
		<database>Unknown</database>
	</source>
	<size>
		<width>500</width>
		<height>332</height>
		<depth>3</depth>
	</size>
	<segmented>0</segmented>
	<object>
		<name>sunflower</name>
		<pose>Unspecified</pose>
		<truncated>0</truncated>
		<difficult>0</difficult>
		<bndbox>
			<xmin>17</xmin>
			<ymin>11</ymin>
			<xmax>291</xmax>
			<ymax>292</ymax>
		</bndbox>
	</object>
</annotation>
