<annotation>
	<folder>sunflower</folder>
	<filename>857698097_8068a2c135_n.jpg</filename>
	<path>C:\Fastwork\P6\source_image\sunflower\857698097_8068a2c135_n.jpg</path>
	<source>
		<database>Unknown</database>
	</source>
	<size>
		<width>320</width>
		<height>240</height>
		<depth>3</depth>
	</size>
	<segmented>0</segmented>
	<object>
		<name>sunflower</name>
		<pose>Unspecified</pose>
		<truncated>0</truncated>
		<difficult>0</difficult>
		<bndbox>
			<xmin>109</xmin>
			<ymin>67</ymin>
			<xmax>200</xmax>
			<ymax>166</ymax>
		</bndbox>
	</object>
</annotation>
