<annotation>
	<folder>sunflower</folder>
	<filename>864957037_c75373d1c5.jpg</filename>
	<path>C:\Fastwork\P6\source_image\sunflower\864957037_c75373d1c5.jpg</path>
	<source>
		<database>Unknown</database>
	</source>
	<size>
		<width>500</width>
		<height>333</height>
		<depth>3</depth>
	</size>
	<segmented>0</segmented>
	<object>
		<name>sunflower</name>
		<pose>Unspecified</pose>
		<truncated>0</truncated>
		<difficult>0</difficult>
		<bndbox>
			<xmin>242</xmin>
			<ymin>162</ymin>
			<xmax>312</xmax>
			<ymax>233</ymax>
		</bndbox>
	</object>
</annotation>
