<annotation>
	<folder>sunflower</folder>
	<filename>877083343_e3338c4125.jpg</filename>
	<path>C:\Fastwork\P6\source_image\sunflower\877083343_e3338c4125.jpg</path>
	<source>
		<database>Unknown</database>
	</source>
	<size>
		<width>500</width>
		<height>333</height>
		<depth>3</depth>
	</size>
	<segmented>0</segmented>
	<object>
		<name>sunflower</name>
		<pose>Unspecified</pose>
		<truncated>0</truncated>
		<difficult>0</difficult>
		<bndbox>
			<xmin>192</xmin>
			<ymin>118</ymin>
			<xmax>233</xmax>
			<ymax>167</ymax>
		</bndbox>
	</object>
</annotation>
