<annotation>
	<folder>tulip</folder>
	<filename>924782410_94ed7913ca_m.jpg</filename>
	<path>C:\Fastwork\P6\source_image\tulip\924782410_94ed7913ca_m.jpg</path>
	<source>
		<database>Unknown</database>
	</source>
	<size>
		<width>240</width>
		<height>240</height>
		<depth>3</depth>
	</size>
	<segmented>0</segmented>
	<object>
		<name>tulip</name>
		<pose>Unspecified</pose>
		<truncated>0</truncated>
		<difficult>0</difficult>
		<bndbox>
			<xmin>71</xmin>
			<ymin>44</ymin>
			<xmax>105</xmax>
			<ymax>89</ymax>
		</bndbox>
	</object>
</annotation>
