<annotation>
	<folder>sunflower</folder>
	<filename>969913643_9d5cd2fe45_m.jpg</filename>
	<path>C:\Fastwork\P6\source_image\sunflower\969913643_9d5cd2fe45_m.jpg</path>
	<source>
		<database>Unknown</database>
	</source>
	<size>
		<width>207</width>
		<height>240</height>
		<depth>3</depth>
	</size>
	<segmented>0</segmented>
	<object>
		<name>sunflower</name>
		<pose>Unspecified</pose>
		<truncated>0</truncated>
		<difficult>0</difficult>
		<bndbox>
			<xmin>97</xmin>
			<ymin>152</ymin>
			<xmax>151</xmax>
			<ymax>237</ymax>
		</bndbox>
	</object>
</annotation>
